,DATABASE_ID,TYPE,SEQUENCE,LENGTH
0,>2MA1A,dbp,HDAPLFEALRAWRLQKAKELSLPPYTIFHDATLKTIAELRPGSHATLGTVSGVGGRKLAAYGDEVLQVVRDSSGG,75
1,>4LC2A,dbp,SMEMQLTPFLILLRKTLEQLQEKDTGNIFSEPVPLSEVPDYLDHIKKPMDFFTMKQNLEAYRYLNFDDFEEDFNLIVSNCLKYNAKDTIFYRAAVRLREQGGAVLRQARRQAEKMG,116
2,>4BLFA,dbp,RRTDEYILVRQTGQDKFAGTTKCNLDHLPTKAEFNASCRLYRDGVGNYYPPPLAFERIDLPEQLAAQLHNLEPREQSKQCFQYKLEVWNRAHAEMGITGTDIFYQTDKNIKLDRNYKLRPEDRYIQTEKYGRREIQKRYEHQFQAGSLLPDILIKTPQNDIHFSYRFAGDAYANKRFEEFERAIKTKYGSDTEIKLKSKSGIMHDSKYLESWERGSADIRFAEFAG,226
3,>4BJ1A,dbp,GGGRVDHVFYQKFKSMALQELGTNYLSISYVPSLSKFLSKNLRSMKNCIVFFDKVEHIHQYAGIDRAVSETLSLVDINVVIIEMNDYLMKEGIQSSKSKECIESMGQASYSGQLDFEASEKPSNHTSDLMMMVMRKINNDESIDHIVYFKFEQLDKLSTSTIIEPSKLTEFINVLSVLEKSNNIAFKVLIYSNNVSISSLLSTSLKKKLNTKYTVFEMPILTCAQEQEYLKKMIKFTFDSGSKLLQSYNSLVTCQLNNKESNLAIFFEFLKVFPHPFTYLFNAYTEIIVQSRTFDELLDKIRNRLTIKNYPHSAYNFKK,319
4,>4BHXA,dbp,GHMTDSEFFHQRFRNLIYVEFVGPRKTLIKLRNLCLDWLQPETRTKEEIIELLVLEQYLTIIPEKLKPWVRAKKPENCEKLVTLLENYKEMYQP,94
5,>4JQFA,dbp,AEALSNPGALDLPSLTSLLSEKAKEFLMENRVQSFYQQELEMVESLLSLANQPVIHSASSDQVNFKKDTTSKAIHSIFKNAIQLLQEKGLVFQKDDGFDNLYYVTREDKDLHRKIHRIIQQDCQKPNHMEKGCHFLHILACARLSIRPGLSEAVLQQVLELLEDQSDIVSTMEHYYTAF,179
6,>4JOIC,dbp,MLPKPGTYYLPWEVSAGQVPDGSTLRTFGRLCLYDMIQSRVTLMAQHGSDQHQVLVCTKLVEPFHAQVGSLYIVLGELQHQQDRGSVVKARVLTCVEGMNLPLLEQAIREQRLYKQERGGSQ,122
7,>4JOIA,dbp,LDPVFLAFAKLYIRDILDMKESRQVPGVFLYNGHPIKQVDVLGTVIGVRERDAFYSYGVDDSTGVINCICWKKLNTESVSAAPSAARELSLTSQLKKLQETIEQKTKIEIGDTIRVRGSIRTYREEREIHATTYYKVDDPVWNIQIARMLELPTIYRKVYDQPFHS,166
8,>4JOLA,dbp,SEEMIDHRLTDREWAEEWKHLDHLLNCIMDMVEKTRRSLTVLRRCQEADREELNYWIRRYSDAE,64
9,>4JLXA,dbp,GAMGAWKLQTVLEKVRLSRHEISEAAEVVNWVVEHLLRRLQGGESEFKGVALLRTGSYYERVKISAPNEFDVMFKLEVPRIQLEEYCNSGAHYFVKFKRNPGGNPLEQFLEKEILSASKMLSKFRKIIKEEIKNIEDTGVTVERKRRGSPAVTLLISKPKEISVDIILALESKSSWPASTQKGLPISQWLGAKVKNNLKRQPFYLVPKHAKEGSGFQEETWRLSFSHIEKDILKNHGQSKTCCEIDGVKCCRKECLKLMKYLLEQLKKKFGNRRELAKFCSYHVKTAFFHVCTQDPHDNQWHLKNLECCFDNCVAYFLQCLKTEQLANYFIPGVNLFSRDLIDKPSKEFLSKQIEYERNNGFPVFW,366
10,>4IDUA,dbp,MSSQFIFEDVPQRNAATFNPEVGYVAFIGKYGQQLNFGVARVFFLNQKKAKMVLHKTAQPSVDLTFGGVKFTVVNNHFPQYVSNPVPDNAITLHRMSGYLARWIADTCKASVLKLAEASAQIVMPLAEVKGCTWADGYTMYLGFAPGAEMFLDAFDFYPLVIEMHRVLKDNMDVNFMKKVLRQRYGTMTAEEWMTQKITEIKAAFNSVGQLAWAKSGFSPAARTFLQQFGINI,233
11,>4ICGC,dbp,GSHMSDKPLTKTDYLMRLRRCQTIDTLERVIEKNKYELSDNELAVFYSAADHRLAELTMNKLYDKIPSSVWKFIR,75
12,>4I99C,dbp,KKVEIDEEIFVIDDFRVDIEKYVEELYKVVKKIYEKTGTPIKFWDLVPDVEPKIIARTFLYLLFLENMGRVEIIQEEPFGEILVVPM,87
13,>4I99A,dbp,MPYIEKLELKGFKSYGNKKVVIPFSKGFTAIVGANGSGKSNIGDAILFVLGGLSAKAMRASRISDLIFAGSKNEPPAKYAEVAIYFNNEDRGFPIDEDEVVIRRRVYPDGRSSYWLNGRRATRSEILDILTAAMISPDGYNIVLQGDITKFIKMSPLERRLLIDDISGIAEYDSKKEKALEEEKEKKNVFMRTFEAISRNFSEIFAKLSPGGSARLILENPEDPFSGGLEIEAKPAGKDVKRIEAMSGGEKALTALAFVFAIQKFKPAPFYLFDEIDAHLDDANVKRVADLIKESSKESQFIVITLRDVMMANADKIIGVSMRDGVSKVVSLSLEKAMKILEEIRKKQGWEHGN,354
14,>4I1KA,dbp,MRGSHHHHHHGSRSKFYESASARKRTVTAEERERAINAAKTFEPTNPFFRVVLRPSYLYRGCIMYLPSGFAEKYLSGISGFIKVQLAEKQWPVRCLYKAGRAKFSQGWYEFTLENNLGEGDVCVFELLRTRDFVLKVTAFRVNEYV,146
15,>4HPZA,dbp,SPAAQVDLRTLGYSQQQQEKIKPKVRSTVAQHHEALVGHGFTHAHIVALSQHPAALGTVAVKYQDMIAALPEATHEAIVGVGKQWSGACALEALLTVAGELRGPPLQLDTGQLLKIAKRGGVTAVEVHHTWRNALTGAPLNLTPDQVVAIASNIGGKQALETVQRLLPVLCQDHGLTPQQVVAIASNGGGKQALETVQRLLPVLCQAHGLTPDQVVAIASHDGGKQALETVQRLLPVLCQDHGLTPQQVVAIASNIGGKQALETVQRLLPVLCQDHGLTPDQVVAIASNDGGKQALETVQRLLPVLCQDHGLTPEQVVAIASNGGGKQALETVQRLLPVLCQAHGLTPDQVVAIASHDGGKQALETVQRLLPVLCQDHGLTPAQAVAIANNNGGKQALETVQRLLPVLCQDHGLTPDQVVAIASNGGGKQALESIVAQLSCPDPALAALTNDHLVALACLGGR,463
16,>3W03C,dbp,MGSSHHHHHHSSGLVPRGSHMERKISRIHLVSEPSITHFLQVSWEKTLESGFVITLTDGHSAWTGTVSESEISQEADDMAMEKGKYVGELRKALLSGAGPADVYTFNFSKESCYFFFEKNLKDVSFRLGSFNLEKVENPAEVIRELICYCLDTIAENQAKNEHLQKENERLLRDWNDVQGRFEK,184
17,>3W03A,dbp,SGMEELEQGLLMQPWAWLQLAENSLLAKVFITKQGYALLVSDLQQVWHEQVDTSVVSQRAKELNKRLTAPPAAFLCHLDNLLRPLLKDAAHPSEATFSCDCVADALILRVRSELSGLPFYWNFHCMLASPSLVSQHLIRPLMGMSLALQCQVRELATLLHMKDLEIQDYQESGATLIRDRLKTEPFEENSFLEQFMIEKLPEACSIGDGKPFVMNLQDLYMAVTTQEVQVGQKHQ,235
18,>4HLXA,dbp,MHHHHHHSSGVDLGTENLYFQSMGKASIKDWIVCQVNSGKFPGVEWEDEERTRFRIPVTPLADPCFEWRRDGELGVVYIRERGNMPVDASFKGTRGRRRMLAALRRTRGLQEIGKGISQDGHHFLVFRVRKP,132
19,>3VZIA,dbp,GHMSYGVRLHVWGERALFTRPEMKVERVSYDIITPSAARGILEAIHWKPAIRWVVDSIQVLKPICFESIRRNEVGSKLSAASISKAIKAGRTDELVKYVEEDRQQRAATVLREVGYIIAAHFEMTDKAGPDDNVGKHLDIFNRRARRGQCFQAPCLGTREFPASFALLGDDDTPPASDPALSGERDLGWMLHDIDFADGMTPRFFRARMVDGLVAVPPPQDGGVRA,226
20,>3VZHA,dbp,GHMYRSRDFYVRVSGQRALFTNPATKGGSERSSYSVPTRQALNGIVDAIYYKPTFTNIVTEVKVINQIQTELQGVRALLHDYSADLSYVSYLSDVVYLIKFHFVWNEDRKDLNSDRLPAKHEAIMERSIRKGGRRDVFLGTRECLGLVDDISQEEYETTVSYYNGVNIDLGIMFHSFAYPKDKKTPLKSYFTKTVMKNGVITFKAQSECDIVNTLSSYAFKAPEEIKSVNDECMEYDAMEKGEN,244
21,>4HIDA,dbp,MSDSFSLLSQITPHQRCSFYAQVIKTWYSDKNFTLYVTDYTENELFFPMSPYTSSSRWRGPFGRFSIRCILWDEHDFYCRNYIKEGDYVVMKNVRTKIDHLGYLECILHGDSAKRYNMSIEKVDSEEPELNEIKSRKRLYVQN,143
22,>4HD0A,dbp,HHHHHHMKFAHLADIHLGYEQFHKPQREEEFAEAFKNALEIAVQENVDFILIAGDLFHSSRPSPGTLKKAIALLQIPKEHSIPVFAIEGNHDRTQRGPSVLNLLEDFGLVYVIGMRKEKVENEYLTSERLGNGEYLVKGVYKDLEIHGMKYMSSAWFEANKEILKRLFRPTDNAILMLHQGVREVSEARGEDYFEIGLGDLPEGYLYYARGHIHKRYETSYSGSPVVYPGSLERWDFGDYEVRYEWDGIKFKERYGVNKGFYIVEDFKPRFVEIKVRPFIDVKIKGSEEEIRKAIKRLIPLIPKNAYVRLNIGWRKPFDLTEIKELLNVEYLKIDTWRI,339
23,>4H7AA,dbp,MSRGHHHHHHGSMSPGERFLDWLKRLQGQKAWTAARAAFRRSLAFPPGAYPRAMPYVEPFLAKGDWRQEEREAHYLVAALYALKDGDHQVGRTLARALWEKAQGSASVEKRFLALLEADRDQIAFRLRQAVALVEGGIDFARLLDDLLRWFSPERHVQARWAREYYGA,168
24,>4H79A,dbp,GSMTTTETPKTISLTWVGTFVDQRVREIQEGYRLDNPRAVATLARLRRGAGKEIGDTPDLWGLILDDRFYADAPPLKEKDMEVAENSAHIALTLYAIHQQSRRDDRMHQRGWGLGEAVRRLMPSSEIDEPLRKRFVQVGHAVTYKALAQRLREIVTLLRRDAIPLDYGLLADQLYQFRTPQGAQRVRTAWGRGFHAYRPKTTQNPDSTTTTEKDNS,216
25,>2LYJA,dbp,MIINNLKLIREKKKISQSELAALLEVSRQTINGIEKNKYNPSLQLALKIAYYLNTPLEDIFQWQPE,66
26,>2LYHA,dbp,MGSSHHHHHHSSHMLVPRGSLEPSKNPLLGKKRALLLSEPSLLRTVQQIPGVGKVKAPLLLQKFPSIQQLSNASIGELEQVVGQAVAQQIHAFFTQPR,98
27,>4GS3A,dbp,SNAMAGNFLENNTVTLVGKVFTPLEFSHELYGEKFFNFILEVPRLSETKDYLPITISNRLFEGMNLEVGTRVKIEGQLRSYNRKSPEEGKNKLILTVFARDISVVPE,107
28,>2LW1A,dbp,GSHMKAETVKRSSSKLSYKLQRELEQLPQLLEDLEAKLEALQTQVADASFFSQPHEQTQKVLADMAAAEQELEQAFERWEYLEALKNGG,89
29,>4G6DB,dbp,MKLKILDKDNATLNVFHRNKEHKTIDNVPTANLVDWYPLSNAYEYKLSRNGEYLELKRLRSTLPSSYGLDDNNQDIIRDNNHRCKIGYWYNPAVRKDNLKIIEKAKQYGLPIITEEYDANTVEQGFRDIGVIFQSLKTIVVTRYLEGKTEEELRIFNMKSEESQLNEALKESDFSVDLTYSDLGQIYNMLLLMKKISK,198
30,>4G6DA,dbp,MKEQLEDVLDTLTDREENVLRLRFGLDDGRTRTLEEVGKVFGVTRERIRQIEAKALRKLRHPSRSKRLKDFMD,73
31,>4G4KA,dbp,MDNSVETIELKRGSNSVYVQYDDIMFFESSTKSHRLIAHLDNRQIEFYGNLKELSQLDDRFFRCHNSFVVNRHNIESIDSKERIVYFKNKEHCYASVRNVKKI,103
32,>2LVSA,dbp,MPSVNDSLDIVEKLYKDGVPVKEIAKRSNNSMSTVYKALEKLEAMGRIKRRKGRYRQHRRLTEEELATIRELYLKGATVYEIARQLGRPESTIYYALKKLGLKLE,105
33,>4G12A,dbp,MTASAPDGRPGQPEATNRRSQLKSDRRFQLLAAAERLFAERGFLAVRLEDIGAAAGVSGPAIYRHFPNKESLLVELLVGVSARLLAGARDVTTRSANLAAALDGLIEFHLDFALGEADLIRIQDRDLAHLPAVAERQVRKAQRQYVEVWVGVLRELNPGLAEADARLMAHAVFGLLNSTPHSMKAADSKPARTVRARAVLRAMTVAALSAADRCL,215
34,>4FW2A,dbp,PLREAKDLHTALHIGPRALSKASNISMQQAREVVQTCPHCNSAPALEAGVNPRGLGPLQIWQTDFTLEPRMAPRSWLAVTVDTASSAIVVTQHGRVTSVAVQHHWATAIAVLGRPKAIKTDNGSCFTSKSTREWLARWGIAHTTGIPGNSQGQAMVERANRLLKDKIRVLAEGDGFMKRIPTSKQGELLAKAMYALNHKERGENTKTPIQKHWRPTVLTEGPPVKIRIETGEWEKGWNVLVWGRGYAAVKNRDTDKVIWVPSRKVKPDIT,270
35,>2LUYA,dbp,HMGKNDNDALIMCMRCRKVKGIDSYSKTQWSKTFTFVRGRTVSVSDPKVICRTCQPKQHDSIWCTACQQTKGINEFSKAQRHVLDPRCQICVHSQRN,97
36,>4FE7A,dbp,MGSSHHHHHHSSGLVPRGSHMFTKRHRITLLFNANKAYDRQVVEGVGEYLQASQSEWDIFIEEDFRARIDKIKDWLGDGVIADFDDKQIEQALADVDVPIVGVGGSYHLAESYPPVHYIATDNYALVESAFLHLKEKGVNRFAFYGLPESSGKRWATEREYAFRQLVAEEKYRGVVYQGLETAPENWQHAQNRLADWLQTLPPQTGIIAVTDARARHILQVCEHLHIPVPEKLCVIGIDNEELTRYLSRVALSSVAQGARQMGYQAAKLLHRLLDKEEMPLQRILVPPVRVIERRSTDYRSLTDPAVIQAMHYIRNHACKGIKVDQVLDAVGISRSNLEKRFKEEVGETIHAMIHAEKLEKARSLLISTTLSINEISQMCGYPSLQYFYSVFKKAYDTTPKEYRDVNSEVML,412
37,>4ATHA,dbp,GAMRFNINDRIKELGTLIPKSNDPDMRWNKGTILKASVDYIRKLQREQQRAKDLENRQKKLEHANRHLLLRVQELEMQARAHG,83
38,>4EXWA,dbp,GIDPFTMLHIEFITDLGAKVTVDVESADKLLDVQRQYGRLGWTSGEVPVGGYQFPLENEPDFDWSLIGARKWTNPEGEEMILHRGHAYRRRELEAVDSRKMKLPAAVKYSRGAKNTDPEHVREKADGEFEYVTLAIFRGGKRQERYAVPGSNRPQAGAPARSAATRAQGARPGAVAVQDEETPF,184
39,>4EQ6A,dbp,MMEYEDLELITIWPSPTKNKLCQFIKQNLSKEHVVTQLFFIDATSSFPLSQFQKLVPPTLPENVRIYENIRINTCLDLEELSAITVKLLQILSMNKINAQRGTEDAVTEPLKIILYINGLEVMFRNSQFKSSPQRSHELLRDTLLKLRVMGNDENENASIRTLLEFPKEQLLDYYLKKNNNTRTSSVRSKRRRIKNGDSLAEYIWKYYADSLFE,214
40,>4EQ6B,dbp,MGSSHHHHHHSHGSMEVLKNIRIYPLSNFITSTKNYINLPNELRNLISEEQESKLGFLHIIESDFKPSVALQKLVNCTTGDEKILIIDIVSIWSQQKQRQHGAIYMNSLSCINITGLIVFLELLYDSPMDALRRCQVDNFNFQLRGIVIDNLSFLNFESDKNYDVINLSKFEKLFKILRKLREFLGCWIITKSFPTDFYNGIENTLVDKWSIKRKSGVTLYPTKLPDSYMKGMDLIIYREVVDGRPQYRRIAALEE,256
41,>4EOGA,dbp,MGMRVLVTTWGNPFQWEPITYEYRGIKVKSRNTLPILVKTLEPERILILVADTMANYYDSGKNKPEIEEKSFSSYSEVVEDTKERILWHIKEEVIEELREEDPELAKKIENMLKDERITIEVLPGVGVFGNITVEGEMLDFYYYATYKLAEWLPVQNNLEVYLDLTHGINFMPTFTYRALRNLLGLLAYLYNVKFEIVNSEPYPLGVSQEIREDTILHIREIGEGVVRPRPQYSPVEGKLYWNAFISSVANGFPLVFASFYPNIRDVEDYLNKKLEEFLVGIEVGEREDGKPYVKREKALDRSFKNASKLYYALRVFNTKFQNYPKKEVPIEEIMEISKIFESLPRIGIILERQVEWLRNLVYGRLWYENGEQKIKKGLLEIIKDKKDKRKEAEALKKGKTISLAEAAKLTRIFSPSGERIETIESPNVVRNFIAHSGFEYNIVYVKYDRLSDRLYFFYKDKEKAANLAYEALLYRGEKE,480
42,>3VPRA,dbp,VTTTRDRILEEAAKLFTEKGYEATSVQDLAQALGLSKAALYHHFGSKEEILYEISLLALKGLVAAGEKALEVADPKEALRRFMEAHARYFEENYPFFVTMLQGIKSLSPENRLKTIALRDRHEENLRAILRRGVEQGVFREVDVALAGRAVLSMLNWMIRWFRPDGPMRAEEVARAYHDLILRGLERGSA,190
43,>4E1RA,dbp,MSYYHHHHHHDYDIPTTENLYFQGAMAKKVTVTLVDDFDGSGAADETVEFGLDGVTYEIDLSTKNATKLRGDLKQWVAAGRRVGGR,86
44,>4DRAE,dbp,GSHMEGAGAGSGFRKELVSRLLHLHFKDDKTKVSGDALQLMVELLKVFVVEAAVRGVRQAQAEDALRVDVDQLEKVLPQLLLDF,84
45,>4DKYA,dbp,MNKAELIDVLTQKLGSDRRQATAAVENVVDTIVRAVHKGDSVTITGFGVFEQRRRAARVARNPRTGETVKVKPTSVPAFRPGAQFKAVVSGAQRLPAEGPHHHHHH,106
46,>4DG7A,dbp,MGSSHHHHHHSSGLVPRGSHMSNFVNLDIFSNYQKYIDNEQEVRENIRIVVREIEHLSKEAQIKLQIIHSDLSQISAACGLARKQVELCAQKYQKLAELVPAGQYYRYSDHWTFITQRLIFIIALVIYLEAGFLVTRETVAEMLGLKISQSEGFHLDVEDYLLGILQLASELSRFATNSVTMGDYERPLNISHFIGDLNTGFRLLNLKNDGLRKRFDALKYDVKKIEEVVYDVSIRGLSSKEKDQQEEPAVPATE,255
47,>4DAMA,dbp,MRGSHHHHHHGSMNEIMICAVGNVATTPVFRDLANGPSVRFRLAVTARYWDREKNAWTDGHTNFFTVWANRQLATNASGSLAVGDPVVVQGRLKVRTDVREGQSRTSADIDAVAIGHDLARGTAAFRR,128
48,>4D8JA,dbp,MKYQQLENLESGWKWKYLVKKHREGELITRYIEASAAQEAVDVLLSLENEPVLVNGWIDKHMNPELVNRMKQTIRARRKRHFNAEHQHTRKKSIDLEFIVWQRLAGLAQRRGKTLSETIVQLIEDAENKEKYANKMSSLKQDLQALLGKE,150
49,>3V9RB,dbp,MLSKEALIKILSQNEGGNDMKIADEVVPMIQKYLDIFIDEAVLRSLQSHKDINGERGDKSPLELSHQDLERIVGLLLMDMLEHHHHHH,88
50,>3V9RA,dbp,MNDDEDRAQLKARLWIRVEERLQQVLSSEDIKYTPRFINSLLELAYLQLGEMGSDLQAFARHAGRGVVNKSDLMLYLRKQPDLQERVTQE,90
51,>4AD8A,dbp,GIDPFTMTRKARTPKAAPVPEAVAVVEPPPPDAAPTGPRLSRLEIRNLATITQLELELGGGFCAFTGETGAGKSIIVDALGLLLGGRANHDLIRSGEKELLVTGFWGDGDESEADSASRRLSSAGRGAARLSGEVVSVRELQEWAQGRLTIHWQHSAVSLLSPANQRGLLDRRVTKEAQAYAAAHAAWREAVSRLERLQASQRERARQIDLLAFQVQEISEVSPDPGEEEGLNTELSRLSNLHESSKHPTSLVPRGSGSAADPEALDRVEARLSALSKLKNKYGPTLEDVVEFGAQAAEELAGLEEDERDAGSLQADVDALHAELLKVGQALDAAREREAEPLVDSLLAVIRELGMPHARMEFALSALAEPAAYGLSDVLLRFSANPGEELGPLSDVASGGELSRVMLAVSTVLGADTPSVVFDEVDAGIGGAAAIAVAEQLSRLADTRQVLVVTHLAQIAARAHHHYKVEKQVEDGRTVSHVRLLTGDERLEEIARMLSGNTSEAALEHARELLAG,517
52,>3V68A,dbp,MIERILEFTAKHEEWIVGENVEDFTNENIAMFLSRVSNTVSSKIPGYLGEKIDVNGLLSIKIEGSLEEKLKALISPKVSRQIGRLVMEDDKKLKKLLVEVAKAVLTREILKNELPIEFPGGKIEGLKIQPRYEEDHINFTARYGSWIVVKRMIIDEKTPLLDIARLLASINETAVNKIKDFADVDDKKIVEYFGGFKKVKKEEEIKEIVQLFREFKGNEFEVRYAAREMLSKLGLKVDVPSKNLEKYLEKAG,252
53,>4ACOA,dbp,MRSSILFLLKLMKIMDVQQQQEAMSSEDRFQELVDSLKPRTAHQYKTYYTKYIQWCQLNQIIPTPEDNSVNSVPYKDLPISAELIHWFLLDTLITDDKPGEKREETEDLDEEEENSFKIATLKKIIGSLNFLSKLCKVHENPNANIDTKYLESVTKLHTHWIDSQKAITTNETNNTNTQVLCPPLLKVSLNLWNPETNHLSEKFFKTCSEKLRFLVDFQLRSYLNLSFEERSKIRFGSLKLGKRDRDAIIYHKVTHSAEKKDTPGHHQLLALLPQDCPFICPQTTLAAYLYLRFYGIPSVSKGDGFPNLNADENGSLLQDIPILRGKSLTTYPREETFSNYYTTVFRYCHLPYKRREYFNKCNLVYPTWDEDTFRTFFNEENHGNWLEQPEAFAFPDKIPFDFKKIMNFKSPYTSYSTNAKKDPFPPPKDLLVQIFPEIDEYKRHDYEGLSQNSRDFLDLMEVLRERFLSNLPWIYKFFPNHDIFQDPIFGNSDFQSYFNDKTIHSKGSPILSFDILPGFNKIYKNKTNFYSLLIERPSQLTFASSHNPDTHPTQKQESEGPLQMSQLDTTQLNELLKQQSFEYVQFQTLSNFQILLSVFNKIFEKLEMKKSSRGYILHQLNLFKITLDERIKKSKIDDADKFIRDNQPIKKEENIVNEDGPNTSRRTKRPKQIRLLSIADSSDESSTEDSNVFKKDGESIEDGAYGENEDENDSEMQEQLKSMINELINSKISTFLRDQMDQFELKINALLDKILEEKVTRIIEQKLGSHTGKFSTLKRPQLYMTEEHNVGFDMEVPKKLRTSGKYAETVKDNDDHQAMSTTASPSPEQDQEAKSYTDEQEFMLDKSIDSIEGIILEWFTPNAKYANQCVHSMNKSGNKSWRANCEALYKERKSIVEFYIYLVNHESLDRYKAVDICEKLRDQNEGSFSRLAKFLRKWRHDHQNSFDGLLVYLSN,956
54,>3V4GA,dbp,MHHHHHHSSGVDLGTENLYFQSNAMRPSEKQDNLVRAFKALLKEERFGSQGEIVEALKQEGFENINQSKVSRMLTKFGAVRTRNAKMEMVYCLPTELGVPTVSSSLRELVLDVDHNQALVVIHTGPGAAQLIARMLDSLGKSEGILGVVAGDDTIFITPTLTITTEQLFKSVCELFEYAG,180
55,>4ABXA,dbp,GIDPFTQRERARQIDLLAFQVQEISEVSPDPGEEEGLNTELSRLSNLHTIAQAAAGGVELLSDGDLNAAGLIGEAVRALNAGAKYDETVMQLQNELRAALESVQAIAGELRDVAEGSAADPEALDRVEARLSALSKLKNKYGPTLEDVVEFGAQAAEELAGLEEDERDAGSLQAD,175
56,>3UX8A,dbp,MGSSHHHHHHSSGLVPRGSHMDKIIVKGARAHNLKNIDVEIPRGKLVVLTGLSGSGKSSLAFDTIYAEGQRRYVESLSAYARQFLGQMEKPDVDAIEGLSPAISIDQKTTSRNPRSTVGTVTEIYDYLRLLFARIGRLVGGKHIGEVTAMSVTEALAFFDGLELTEKEAQIARLILREIRDRLGFLQNVGLDYLTLSRSAGTLSGGEAQRIRLATQIGSRLTGVLYVLDEPSIGLHQRDNDRLIATLKSMRDLGNTLIVVEHDEDTMLAADYLIDIGPGAGIHGGEVVAAGTPEEVMNDPNSLTGQYLSGKKFIPIPAERRRPDGRWLEVVGAREHNLKNVSVKIPLGTFVAVTGVSGSGKSTLVNEVLYKALAQKLHRAKAKPGEHRDIRGLEHLDKVIDIDQSPIGRTPRSNPATYTGVFDDIRDVFASTNEAKVRGYKKGRFSFNVKGGRCEACHGDGIIKIEMHFLPDVYVPCEVCHGKRYNRETLEVTYKGKNIAEVLDMTVEDALDFFASIPKIKRKLETLYDVGLGYMKLGQPATTLSGGEAQRVKLAAELHRRSNGRTLYILDEPTTGLHVDDIARLLDVLHRLVDNGDTVLVIEHNLDVIKTADYIIDLGPEGGDRGGQIVAVGTPEEVAEVKESHTGRYLKPILERDRARMQARYEAAKA,670
57,>3UWXB,dbp,MGSSHHHHHHSSGLVPRGSHMGPKKVEGRFQLVSPYEPQGDQPQAIAKLVDGLRLGVKHQTLLGATGTGKTFTISNVIAQVNKPTLVIAHNKTLAGQLHSELKEFFPHNAVEYFVSYYDYYQPEAYVPQTDTYIEKDAKINDEIDKLRHSATSALFERRDVIIVASVSCIYGLGSPEEYRELVVSLRVGMEIERNALLRRLVDIQYDRNDIDFRRGTFRVRGDVVEIFPASRDEHCIRVEFFGDEIERIREVDALTGEVLGEREHVAIFPASHFVTREEKMRLAIQNIEQELEERLAELRAQGKLLEAQRLEQRTRYDLEMMREMGFCSGIENYSRHLALRPPGSTPYTLLDYFPDDFLIIVDESHVTLPQLRGMYNGDRARKQVLVDHGFRLPSALDNRPLTFEEFEQKINQIIYISATPGPYELEHSPGVVEQIIRPTGLLDPTIDVRPTKGQIDDLIGEIHERVERNERTLVTTLTKKMAEDLTDYLKEAGIKVAYLHSEIKTLERIEIIRDLRLGKYDVLVGINLLREGLDIPEVSLVAILDADKEGFLRSERSLIQTIGRAARNANGHVIMYADTITKSMEIAIQETKRRRAIQEEYNRKHGIVPRTVKKEIRDVIRATYAAEETEMYEAKPAAAMTKQEREELIRKLEAEMKEAAKALDFERAAQLRDIIFELKAEG,683
58,>3UQZA,dbp,MKITNYEIYKLKKSGLTNQQILKVLEYGENVDQELLLGDIADISGCRNPAVFMERYFQIDDAHLSKEFQKFPSFSILDDCYPWDLSEIYDAPVLLFYKGNLDLLKFPKVAVVGSRACSKQGAKSVEKVIQGLENELVIVSGLAKGIDTAAHMAALQNGGKTIAVIGTGLDVFYPKANKRLQDYIGNDHLVLSEYGPGEQPLKFHFPARNRIIAGLCRGVIVAEAKMRSGSLITCERAMEEGRDVFAIPGSILDGLSDGCHHLIQEGAKLVTSGQDVLAEFEFHHHHHH,288
59,>3ULXA,dbp,MGMRRERDAEAELNLPPGFRFHPTDDELVEHYLCRKAAGQRLPVPIIAEVDLYKFDPWDLPERALFGAREWYFFTPRDRKYPNGSRPNRAAGNGYWKATGADKPVAPRGRTLGIKKALVFYAGKAPRGVKTDWIMHEYRLADAGRAAAGAKKGSLRLDDWVLCRLYNKKNEWEK,174
60,>3ULJA,dbp,GSDPQVLRGSGHCKWFNVRMGFGFISMTSREGSPLENPVDVFVHQSKLYMEGFRSLKEGEPVEFTFKKSSKGFESLRVTGPGGNPCLGNE,90
61,>3VK0A,dbp,MMGNKLTLPAELPDEQDLRAVLAYNMRLFRVNKGWSQEELARQCGLDRTYVSAVERKRWNIALSNIEKMAAALGVAAYQLLLPPQERLKLMTNSADTRQMPSESGILEHHHHHH,114
62,>3U50C,dbp,QRIYSSIEEIIQQAQASEIGQKKEFYVYGNLVSIQMKNKLYYYRCTCQGKSVLKYHGDSFFCESCQQFINPQVHLMLRAFVQDSTGTIPVMIFDQQSSQLINQIDPSIHVQEAGQYVKNCIENGQEEIIRQLFSKLDFARFIFEIQFENKEFNNEQEIAYKVLKIEKENIKE,172
63,>3U4VA,dbp,NFNIGSLSDQLSKQTLLISQLQVGKNRFSFKFEGRVVYKSSTFQNQQDSKYFFITAQDANNQEINMSFWQKVDQSYQTLKVGQYYYFIGGEVKQFKNNLELKFKFGDYQIIPKETLS,117
64,>3U4ZA,dbp,TLLISEVLKTSKQYLSVLAQVVDIQSSDKNIRLKICDNSCNQELKVVIFPDLCYEWRDKFSINKWYYFNEFVRQIYNDEVQLKNNIHSSIKESDDQRKVITYNQEQGVF,109
65,>3VIBA,dbp,MRKTKTEALKTKEHLMLAALETFYRKGIARTSLNEIAQAAGVTRDALYWHFKNKEDLFDALFQRICDDIENCIAQDAADAEGGSWTVFRHTLLHFFERLQSNDIHYKFHNILFLKCEHTEQNAAVIAIARKHQAIWREKITAVLTEAVENQDLADDLDKETAVIFIKSTLDGLIWRWFSSGESFDLGKTAPRIIGIMMDNLENHPCLRRK,210
66,>3TUOA,dbp,GPGSGTMLPVFCVVEHYENAIEYDCKEEHAEFVLVRKDMLFNQLIEMALLSLGYSHSSAAQAKGLIQVGKWNPVPLSYVTDAPDATVADMLQDVYHVVTLKIQLH,105
67,>4A11A,dbp,MHHHHHHVDENLYFQGGGRMSYNYVVTAQKPTAVNGCVTGHFTSAEDLNLLIAKNTRLEIYVVTAEGLRPVKEVGMYGKIAVMELFRPKGESKDLLFILTAKYNACILEYKQSGESIDIITRAHGNVQDRIGRPSETGIIGIIDPECRMIGLRLYDGLFKVIPLDRDNKELKAFNIRLEELHVIDVKFLYGCQAPTICFVYQDPQGRHVKTYEVSLREKEFNKGPWKQENVEAEASMVIAVPEPFGGAIIIGQESITYHNGDKYLAIAPPIIKQSTIVCHNRVDPNGSRYLLGDMEGRLFMLLLEKEEQMDGTVTLKDLRVELLGETSIAECLTYLDNGVVFVGSRLGDSQLVKLNVDSNEQGSYVVAMETFTNLGPIVDMCVVDLERQGQGQLVTCSGAFKEGSLRIIRNGIGIHEHASIDLPGIKGLWPLRSDPNRETDDTLVLSFVGQTRVLMLNGEEVEETELMGFVDDQQTFFCGNVAHQQLIQITSASVRLVSQEPKALVSEWKEPQAKNISVASCNSSQVVVAVGRALYYLQIHPQELRQISHTEMEHEVACLDITPLGDSNGLSPLCAIGLWTDISARILKLPSFELLHKEMLGGEIIPRSILMTTFESSHYLLCALGDGALFYFGLNIETGLLSDRKKVTLGTQPTVLRTFRSLSTTNVFACSDRPTVIYSSNHKLVFSNVNLKEVNYMCPLNSDGYPDSLALANNSTLTIGTIDEIQKLHIRTVPLYESPRKICYQEVSQCFGVLSSRIEVQDTSGGTTALRPSASTQALSSSVSSSKLFSSSTAPHETSFGEEVEVHNLLIIDQHTFEVLHAHQFLQNEYALSLVSCKLGKDPNTYFIVGTAMVYPEEAEPKQGRIVVFQYSDGKLQTVAEKEVKGAVYSMVEFNGKLLASINSTVRLYEWTTEKELRTECNHYNNIMALYLKTKGDFILVGDLMRSVLLLAYKPMEGNFEEIARDFNPNWMSAVEILDDDNFLGAENAFNLFVCQKDSAATTDEERQHLQEVGLFHLGEFVNVFCHGSLVMQNLGETSTPTQGSVLFGTVNGMIGLVTSLSESWYNLLLDMQNRLNKVIKSVGKIEHSFWRSFHTERKTEPATGFIDGDLIESFLDISRPKMQEVVANLQYDDGSGMKREATADDLIKVVEELTRIH,1159
68,>4A11B,dbp,MLGFLSARQTGLEDPLRLRRAESTRRVLGLELNKDRDVERIHGGGINTLDIEPVEGRYMLSGGSDGVIVLYDLENSSRQSYYTCKAVCSIGRDHPDVHRYSVETVQWYPHDTGMFTSSSFDKTLKVWDTNTLQTADVFNFEETVYSHHMSPVSTKHCLVAVGTRGPKVQLCDLKSGSCSHILQGHRQEILAVSWSPRYDYILATASADSRVKLWDVRRASGCLITLDQHNGKKSQAVESANTAHNGKVNGLCFTSDGLHLLTVGTDNRMRLWNSSNGENTLVNYGKVCNNSKKGLKFTVSCGCSSEFVFVPYGSTIAVYTVYSGEQITMLKGHYKTVDCCVFQSNFQELYSGSRDCNILAWVPSLYEPVPDDDETTTKSQLNPAFEDAWSSSDEEGGTSAWSHPQFEK,408
69,>3TRBA,dbp,SNAMAANRMRPIHPGEILAEELGFLDKMSANQLAKHLAIPTNRVTAILNGARSITADTALRLAKFFGTTPEFWLNLQDAYDIKMALKKSGKKIEKEVTPYDQAA,104
70,>2LJ6A,dbp,MPSSKPLAEYARKRDFRQTPEPSGRKPRKDSTGLLRYCVQKHDASRLHYDFRLELDGTLKSWAVPKGPCLDPAVKRLAVQVEDHPLDYADFEGSIPQGHYGAGDVIVWDRGAWTPLDDPREGLEKGHLSFALDGEKLSGRWHLIRTNLRGKQSQWFLVKAKDGEARSLDRFDVLKER,177
71,>3TOCA,dbp,GSFTMNLNFSLLDEPIPLRGGTILVLEDVCVFSKIVQYCYQYEEDSELKFFDHKMKTIKESEIMLVTDILGFDVNSSTILKLIHADLESQFNEKPEVKSMIDKLVATITELIVFECLENELDLEYDEITILELIKSLGVKVETQSDTIFEKCLEILQIFKYLTKKKLLIFVNSGAFLTKDEVASLQEYISLTNLTVLFLEPRELYDFPQYILDEDYFLITKNMV,224
72,>2LI6A,dbp,QSLNPALQEKISTELNNKQYELFMKSLIENCKKRNMPLQSIPEIGNRKINLFYLYMLVQKFGGADQVTRTQQWSMVAQRLQISDYQQLESIYFRILLPYERHMISQEGIKETQAKR,116
73,>3VH5A,dbp,GSEAAGGEQRELLIQRLRAAVHYTTGALAQDVAEDKGVLFSKQTVAAISEITFRQAENFARDLEMFARHAKRSTITSEDVKLLARRSNSLLKYITQKSDELASSNMEQKEKKKKKSSAAKGRKTEENETPVTESEDSNMA,140
74,>3VH5W,dbp,GYRRTVPRGTLRKIIKKHKPHLRLAANTDLLVHLSFLLFLHRLAEEARTNAFENKSKIIKPEHTIAAAKVILKKSRG,77
75,>3TEKA,dbp,MGEELREEERGEVRSELITKGEKKLVLIRWNTGKTSAGRLFGRYGPGGRPEFFKLLFGAVAGSLREQFGPDGENIFNRIRDSEKFRETSRELFDGLKKWFFEEAVPRYNLERGDIFMISTELVLDPDTGELLWNRDKTQLIYWIRSDR,148
76,>3TB6A,dbp,GIDPFTSAKSALHSNKTIGVLTTYISDYIFPSIIRGIESYLSEQGYSMLLTSTNNNPDNERRGLENLLSQHIDGLIVEPTKSALQTPNIGYYLNLEKNGIPFAMINASYAELAAPSFTLDDVKGGMMAAEHLLSLGHTHMMGIFKADDTQGVKRMNGFIQAHRERELFPSPDMIVTFTTEEKESKLLEKVKATLEKNSKHMPTAILCYNDEIALKVIDMLREMDLKVPEDMSIVGYDDSHFAQISEVKLTSVKHPKSVLGKAAAKYVIDCLEHKKPKQEDVIFEPELIIRQSARKLNE,298
77,>3SIAA,dbp,MQPPVANFCLWNLQPIQGSWMGAACIYQMPPSVRNTWWFPLLNTIPLDQYTRIYQWFMGVDRDRSGTLEINELMMGQFPGGIRLSPQTALRMMRIFDTDFNGHISFYEFMAMYKFMELAYNLFVMNARARSGTLEPHEILPALQQLGFYINQRTSLLLHRLFARGMAFCDLNCWIAICAFAAQTRSAYQMIFMNPYYGPMKPFNPMEFGKFLDVVTSLLE,220
78,>3ZQJA,dbp,MGHHHHHHHHHHSSGHIEGRHMADRLIVKGAREHNLRSVDLDLPRDALIVFTGLSGSGKSSLAFDTIFAEGQRRYVESLSAYARQFLGQMDKPDVDFIEGLSPAVSIDQKSTNRNPRSTVGTITEVYDYLRLLYARAGTPHCPTCGERVARQTPQQIVDQVLAMPEGTRFLVLAPVVRTRKGEFADLFDKLNAQGYSRVRVDGVVHPLTDPPKLKKQEKHDIEVVVDRLTVKAAAKRRLTDSVETALNLADGIVVLEFVDHELGAPHREQRFSEKLACPNGHALAVDDLEPRSFSFNSPYGACPECSGLGIRKEVDPELVVPDPDRTLAQGAVAPWSNGHTAEYFTRMMAGLGEALGFDVDTPWRKLPAKARKAILEGADEQVHVRYRNRYGRTRSYYADFEGVLAFLQRKMSQTESEQMKERYEGFMRDVPCPVCAGTRLKPEILAVTLAGESKGEHGAKSIAEVCELSIADCADFLNALTLGPREQAIAGQVLKEIRSRLGFLLDVGLEYLSLSRAAATLSGGEAQRIRLATQIGSGLVGVLYVLDEPSIGLHQRDNRRLIETLTRLRDLGNTLIVVEHDEDTIEHADWIVDIGPGAGEHGGRIVHSGPYDELLRNKDSITGAYLSGRESIEIPAIRRSVDPRRQLTVVGAREHNLRGIDVSFPLGVLTSVTGVSGSGKSTLVNDILAAVLANRLNGARQVPGRHTRVTGLDYLDKLVRVDQSPIGRTPRSNPATYTGVFDKIRTLFAATTEAKVRGYQPGRFSFNVKGGRCEACTGDGTIKIEMNFLPDVYVPCEVCQGARYNRETLEVHYKGKTVSEVLDMSIEEAAEFFEPIAGVHRYLRTLVDVGLGYVRLGQPAPTLSGGEAQRVKLASELQKRSTGRTVYILDEPTTGLHFDDIRKLLNVINGLVDKGNTVIVIEHNLDVIKTSDWIIDLGPEGGAGGGTVVAQGTPEDVAAVPASYTGKFLAEVVGGGASAATSRSNRRRNVSA,993
79,>3B0CT,dbp,GSTREPEIASSLIKQIFSHYVKTPVTRDAYKIVEKCSERYFKQISSDLEAYSQHAGRKTVEMADVELLMRRQGLVTDKMPLHVLVERHLPLEYRKLLIPIAVSGNKVIPCK,111
80,>3S5RA,dbp,GMQATMTDKNTRELLLDAATTLFAEQGIAATTMAEIAASVGVNPAMIHYYFKTRDSLLDTIIEERIGRIIDMIWEPVTGEEDDPLIMVRDLVNRIVNTCETMLWLPSLWIREIVNEGGALREKMLNNIPIDKMNKFSAKIAEGQKQGVINSGIDSRLLIGSIIGLTMLPLATAKLRDQIPTMKGLSSEDIVCHVTALLFTGLTNPSNSDDIKKQRT,216
81,>3S4WB,dbp,SHNSHEVEENGSVFVKLLKASGLTLKTGENQNQLGVDQVIFQRKLFQALRKHPAYPKVIEEFVNGLESYTEDSESLRNCLLSCERLQDEEASMGTFYSKSLIKLLLGIDILQPAIIKMLFEKVPQFLFESENRDGINMARLIINQLKWLDRIVDGKDLTAQMMQLISVAPVNLQHDFITSLPEILGDSQHANVGKELGELLVQNTSLTVPILDVFSSLRLDPNFLSKIRQLVMGKLSSVRLEDFPVIVKFLLHSVTDTTSLEVIAELRENLNVQQFILPSRIQASQSKLKSKGLASSSGNQENSDKDCIVLVFDVIKSAIRYEKTISEAWFKAIERIESAAEHKSLDVVMLLIIYSTSTQTKKGVEKLLRNKIQSDCIQEQLLDSAFSTHYLVLKDICPSILLLAQTLFHSQDQRIILFGSLLYKYAFKFFDTYCQQEVVGALVTHVCSGTEAEVDTALDVLLELIVLNASAMRLNAAFVKGILDYLENMSPQQIRKIFCILSTLAFSQQPGTSNHIQDDMHLVIRKQLSSTVFKYKLIGIIGAVTMAGIMAEDRSVPSNSSQRSANVSSEQRTQVTSLLQLVHSCTEHSPWASSLYYDEFANLIQERKLAPKTLEWVGQTIFNDFQDAFVVDFCAAPEGDFPFPVKALYGLEEYSTQDGIVINLLPLFYQECAKDASRATSQESSQRSMSSLCLASHFRLLRLCVARQHDGNLDEIDGLLDCPLFLPDLEPGEKLESMSAKDRSLMCSLTFLTFNWFREVVNAFCQQTSPEMKGKVLSRLKDLVELQGILEKYLAVIPDYVPPFASVDLDTLDMMPRKTFVSLQNYRAFFRELDIEVFSILHSGLVTKFILDTEMHTEATEVVQLGPAELLFLLEDLSQKLENMLTAPFAKRICCFKNKGRQNIGFSHLHQRSVQDIVHCVVQLLTPMCNHLENIHNFFQCLGAEHLSADDKARATAQEQHTMACCYQKLLQVLHALFAWKGFTHQSKHRLLHSALEVLSNRLKQMEQDQPLEELVSQSFSYLQNFHHSVPSFQCGLYLLRLLMALLEKSAVPNQKKEKLASLAKQLLCRAWPHGEKEKNPTFNDHLHDVLYIYLEHTDNVLKAIEEITGVGVPELVSAPKDAASSTFPTLTRHTFVIFFRVMMAELEKTVKGLQAGTAADSQQVHEEKLLYWNMAVRDFSILLNLMKVFDSYPVLHVCLKYGRRFVEAFLKQCMPLLDFSFRKHREDVLSLLQTLQLNTRLLHHLCGHSKIRQDTRLTKHVPLLKKSLELLVCRVKAMLVLNNCREAFWLGTLKNRDLQGEEIISQDPSSSESNAEDSEDG,1323
82,>3S4WA,dbp,MDLKILSLATDKTTDKLQEFLQTLKDDDLASLLQNQAVKGRAVGTLLRAVLKGSPCSEEDGALRRYKIYSCCIQLVESGDLQQDVASEIIGLLMLEVHHFPGPLLVDLASDFVGAVREDRLVNGKSLELLPIILTALATKKEVLACGKGDLNGEEYKRQLIDTLCSVRWPQRYMIQLTSVFKDVCLTPEEMNLVVAKVLTMFSKLNLQEIPPLVYQLLVLSSKGSRRSVLDGIIAFFRELDKQHREEQSSDELSELITAPADELYHVEGTVILHIVFAIKLDCELGRELLKHLKAGQQGDPSKCLCPFSIALLLSLTRIQRFEEQVFDLLKTSVVKSFKDLQLLQGSKFLQTLVPQRTCVSTMILEVVRNSVHSWDHVTQGLIEFGFILMDSYGPKKILDGKAVEIGTSLSKMTNQHACKLGANILLETFKIHEMIRQEILEQVLNRVVTRTSSPINHFLDLFSDIIMYAPLILQNCSKVTETFDYLTFLPLQTVQGLLKAVQPLLKISMSMRDSLILVLRKAMFASQLDARKSAVAGFLLLLKNFKVLGSLPSSQCTQSIGVTQVRVDVHSRYSAVANETFCLEIIDSLKRSLGQQADIRLMLYDGFYDVLRRNSQLASSIMQTLFSQLKQFYEPEPDLLPPLKLGACVLTQGSQIFLQEPLDHLLSCIQHCLAWYKSRVVPLQQGDEGEEEEEELYSELDDMLESITVRMIKSELEDFELDKSADFSQNTNVGIKNNICACLIMGVCEVLMEYNFSISNFSKSKFEEILSLFTCYKKFSDILSEKAGKGKAKMTSKVSDSLLSLKFVSDLLTALFRDSIQSHEESLSVLRSSGEFMHYAVNVTLQKIQQLIRTGHVSGPDGQNPDKIFQNLCDITRVLLWRYTSIPTSVEESGKKEKGKSISLLCLEGLQKTFSVVLQFYQPKVQQFLQALDVMGTEEEEAGVTVTQRASFQIRQFQRSLLNLLSSEEDDFNSKEALLLIAVLSTLSRLLEPTSPQFVQMLSWTSKICKEYSQEDASFCKSLMNLFFSLHVLYKSPVTLLRDLSQDIHGQLGDIDQDVEIEKTDHFAVVNLRTAAPTVCLLVLSQAEKVLEEVDWLIAKIKGSANQETLSDKVTPEDASSQAVPPTLLIEKAIVMQLGTLVTFFHELVQTALPSGSCVDTLLKGLSKIYSTLTAFVKYYLQVCQSSRGIPNTVEKLVKLSGSHLTPVCYSFISYVQNKSSDAPKCSEKEKAAVSTTMAKVLRETKPIPNLVFAIEQYEKFLIQLSKKSKVNLMQHMKLSTSRDFKIKGSVLDMVLREDEEHHHHHH,1308
83,>3RLOA,dbp,GSVDDSAQSDLKEVMVLNATESFVYEPKEQKKMFHATVATENEVFRVKVFNIDLKEKFTPKKIIAIANYVCRNGFLEVYPFTLVADVNADRNMEIPKGLIRSASVTPKINQLCSQTKGSFVNGVFEVHKKNVRGEFTYYEIQDNTGKMEVVVHGRLTTINCEEGDKLKLTCFELAPKSGNTGELRSVIHSHIKVIKTRKNAAAS,204
84,>3RH2A,dbp,GMKTRDKIIQASLELFNEHGERTITTNHIAAHLDISPGNLYYHFRNKEDIIRCIFDQYEQHLLLGFKPYADQKVDLELLMSYFDAMFYTMWQFRFMYANLADILARDDTLKARYLKVQQAVLEQSIAVLNQLKKDGILQIEDERIADLADTIKMIIGFWISYKLTQSSIATISKASLYEGLLRVLMIFKAYSTPDSLANFDRLEQHFRSQSN,212
85,>3AXJB,dbp,MPKNGGAGHRNTAPRKRQIPAAQLDEDSPIVQQFRIYSNELIMKHDRHERIVKLSRDITIESKRIIFLLHSIDSRKQNKEKVLEEARQRLNKLIAVNFRAVALELRDQDVYQFRSSYSPGLQEFIQAYTYMEYLCHEDAEGENETKSVSDWQAIQAVMQYVEESSQPKEEPTEGEDVQAIAQVESPKKFQFFVDPTEYILGLSDLTGELMRRCINSLGSGDTDTCLDTCKALQHFYSGYISLNCQRARELWRKITTMKQSVLKAENVCYNVKVRGGEAAKWGATFDQKPADEVDEGFY,298
86,>3RCOA,dbp,ENLYFQGMLEGDLVSKMLRAVLQSHKNGVALPRLQGEYRSLTGDWIPFKQLGFPTLEAYLRSVPAVVRIETSRSGEITCYAMACTETAR,89
87,>3R4KA,dbp,GMGTVSKALTLLTYFNHGRLEIGLSDLTRLSGMNKATVYRLMSELQEAGFVEQVEGARSYRLGPQVLRLAALREASVPILSASRRVLRELSEDTGETTHLSLLQGEQLASLSHAYSSRNATKVMMEDAEVLTFHGTASGLAVLAYSEPSFVDAVLAAPLTARTPQTQTDPAAIRAEIAEVRRTGLAQSIGGFEAEVHSHAVPIFGPDRAVLGALAVAAPTSRMTPDQKRTIPPALRAAGLSLTERIGGACPPEFPTDIAA,260
88,>3R0JA,dbp,GTHMRKGVDLVTAGTPGENTTPEARVLVVDDEANIVELLSVSLKFQGFEVYTATNGAQALDRARETRPDAVILDVMMPGMDGFGVLRRLRADGIDAPALFLTARDSLQDKIAGLTLGGDDYVTKPFSLEEVVARLRVILRRAGKGNKEPRNVRLTFADIELDEETHEVWKAGQPVSLSPTEFTLLRYFVINAGTVLSKPKILDHVWRYDFGGDVNVVESYVSYLRRKIDTGEKRLLHTLRGVGYVLREPR,250
89,>3QU3A,dbp,GSHMAEVRGVQRVLFGDWLLGEVSSGQYEGLQWLNEARTVFRVPWKHFGRRDLDEEDAQIFKAWAVARGRWPPSGVNLPPPEAEAAERRERRGWKTNFRCALHSTGRFILRQDNSGDPVDPHKVYELSRELGSTVGP,137
90,>3QODA,dbp,SNAMSNDVDLIKRLGPSAMDQIMLYLAFSAMRTSGHRHGAFLDAAATAAKCAIYMTYLEQGQNLRMTGHLHHLEPKRVKAIVEEVRQALTEGKLLKMLGSQEPRYLIQFPYVWMEKYPWRPGRSRIPGTSLTSEEKRQIEQKLPSNLPDAHLITSFEFLELIEFLHKRSQEDLPKEHQMPLSEALAEHIKRRLLYSGTVTRIDSPWGMPFYALTRPFYAPADDQERTYIMVEDTARFFRMMRDWAEKRPNTMRVLEELDILPEKMQQAKDELDEIIRAWADKYHQDDGVPVVLQMVFGKKED,302
91,>2L8DA,dbp,GAMGMPNRKYADGEVVMGRWPGSVLYYEVQVTSYDDASHLYTVKYKDGTELALKESDIRLQSSFKQ,66
92,>3Q8DA,dbp,MEGWQRAFVLHSRPWSETSLMLDVFTEESGRVRLVAKGARSKRSTLKGALQPFTPLLLRFGGRGEVKTLRSAEAVSLALPLSGITLYSGLYINELLSRVLEYETRFSELFFDYLHCIQSLAGVTGTPEPALRRFELALLGHLGYGVNFTHCAGSGEPVDDTMTYRYREEKGFIASVVIDNKTFTGRQLKALNAREFPDADTLRAAKRFTRMALKPYLGGKPLKSRELFRQFMPKRTVKTHYE,242
93,>1A1VA,rbp,MVDFIPVENLETTMRSPVFTDNSSPPAVPQSFQVAHLHAPTGSGKSTKVPAAYAAQGYKVLVLNPSVAATLGFGAYMSKAHGVDPNIRTGVRTITTGSPITYSTYGKFLADGGCSGGAYDIIICDECHSTDATSILGIGTVLDQAETAGARLVVLATATPPGSVTVPHPNIEEVALSTTGEIPFYGKAIPLEVIKGGRHLIFCHSKKKCDELAAKLVALGINAVAYYRGLDVSVIPTSGDVVVVATDALMTGFTGDFDSVIDCNTCVTQTVDFSLDPTFTIETTTLPQDAVSRTQRRGRTGRGKPGIYRFVAPGERPSGMFDSSVLCECYDAGCAWYELTPAETTVRLRAYMNTPGLPVCQDHLEFWEGVFTGLTHIDAHFLSQTKQSGENFPYLVAYQATVCARAQAPPPSWDQMWKCLIRLKPTLHGPTPLLYRLGAVQNEVTLTHPITKYIMTCMSADLEVVTGSGSHHHHHH,476
94,>1A34A,rbp,MGRGKVKPNRKSTGDNSNVVTMIRAGSYPKVNPTPTWVRAIPFEVSVQSGIAFKVPVGSLFSANFRTDSFTSVTVMSVRAWTQLTPPVNEYSFVRLKPLFKTGDSTEEFEGRASNINTRASVGYRIPTNLRQNTVAADNVCEVRSNCRQVALVISCCFN,159
95,>1A9NA,rbp,MVKLTAELIEQAAQYTNAVRDRELDLRGYKIPVIENLGATLDQFDAIDFSDNEIRKLDGFPLLRRLKTLLVNNNRICRIGEGLDQALPDLTELILTNNSLVELGDLDPLASLKSLTYLCILRNPVTNKKHYRLYVIYKVPQVRVLDFQKVKLKERQEAEKMFKGKRGAQLAKDIAR,176
96,>1APGA,rbp,IFPKQYPIINFTTAGATVQSYTNFIRAVRGRLTTGADVRHEIPVLPNRVGLPINQRFILVELSNHAELSVTLALDVTNAYVVGYRAGNSAYFFHPDNQEDAEAITHLFTDVQNRYTFAFGGNYDRLEQLAGNLRENIELGNGPLEEAISALYYYSTGGTQLPTLARSFIICIQMISEAARFQYIEGEMRTRIRYNRRSAPDPSVITLENSWGRLSTAIQESNQGAFASPIQLQRRNGSKFSVYDVSILIPIIALMVYRCAPPPSSQF,267
97,>1AQ3A,rbp,ASNFTQFVLVDNGGTGDVTVAPSNFANGVAEWISSNSRSQAYKVTCSVRQSSAQNRKYSIKVEVPKVATQTVGGVELPVAAWRSYLNMELTIPIFATNSDCELIVKAMQGLLKDGNPIPSAIAANSGIY,129
98,>1ASYA,rbp,EDTAKDNYGKLPLIQSRDSDRTGQKRVKFVDLDEAKDSDKEVLFRARVHNTRQQGATLAFLTLRQQASLIQGLVKANKEGTISKNMVKWAGSLNLESIVLVRGIVKKVDEPIKSATVQNLEIHITKIYTISETPEALPILLEDASRSEAEAEAAGLPVVNLDTRLDYRVIDLRTVTNQAIFRIQAGVCELFREYLATKKFTEVHTPKLLGAPSEGGSSVFEVTYFKGKAYLAQSPQFNKQQLIVADFERVYEIGPVFRAENSNTHRHMTEFTGLDMEMAFEEHYHEVLDTLSELFVFIFSELPKRFAHEIELVRKQYPVEEFKLPKDGKMVRLTYKEGIEMLRAAGKEIGDFEDLSTENEKFLGKLVRDKYDTDFYILDKFPLEIRPFYTMPDPANPKYSNSYDFFMRGEEILSGAQRIHDHALLQERMKAHGLSPEDPGLKDYCDGFSYGCPPHAGGGIGLERVVMFYLDLKNIRRASLFPRDPKRLRP,490
99,>1BMV2,rbp,METNLFKLSLDDVETPKGSMLDLKISQSKIALPKNTVGGTILRSDLLANFLTEGNFRASVDLQRTHRIKGMIKMVATVGIPENTGIALACAMNSSIRGRASSDIYTICSQDCELWNPACTKAMTMSFNPNPCSDAWSLEFLKRTGFHCDIICVTGWTATPMQDVQVTIDWFISSQECVPRTYCVLNPQNPFVLNRWMGKLTFPQGTSRSVKRMPLSIGGGAGAKSAILMNMPNAVLSMWRYFVGDLVFEVSKMTSPYIKCTVSFFIAFGNLADDTINFEAFPHKLVQFGEIQEKVVLKFSQEEFLTAWSTQVRPATTLLADGCPYLYAMVHDSSVSTIPGDFVIGVKLTIIENMCAYGLNPGISGSRLLGTIPQ,374
100,>1CVJA,rbp,MNPSAPSYPMASLYVGDLHPDVTEAMLYEKFSPAGPILSIRVCRDMITRRSLGYAYVNFQQPADAERALDTMNFDVIKGKPVRIMWSQRDPSLRKSGVGNIFIKNLDKSIDNKALYDTFSAFGNILSCKVVCDENGSKGYGFVHFETQEAAERAIEKMNGMLLNDRKVFVGRFKSRKEREAELGARAKEF,190
101,>1CWPA,rbp,MSTVGTGKLTRAQRRAAARKNKRNTRVVQPVIVEPIASGQGKAIKAWTGYSVSKWTASCAAAEAKVTSAITISLPNELSSERNKQLKVGRVLLWLGLLPSVSGTVKSCVTETQTTAAASFQVALAVADNSKDVVAAMYPEAFKGITLEQLAADLTIYLYSSAALTEGDVIVHLEVEHVRPTFDDSFTPVY,190
102,>1DDLA,rbp,MEQDKILAHQASLNTKPSLLPPPVGNPPPVISYPFQITLASLGTEDAADSVSIASNSVLATYTALYRHAQLKHLKATIHPTYMAPKYPTSVALVWVPANSTATSTQVLDTYGGLHFCIGGSVNSVKPIDVEANLTNLNPIIKASTTFTDTPKLLYYSKAQATAPTSPTCYLTIQGQIELSSPLLQASS,188
103,>1DI2A,rbp,MPVGSLQELAVQKGWRLPEYTVAQESGPPHKREFTITCRVETFVETGSGTSKQVAKRVAAEKLLTKFKT,69
104,>1E7KA,rbp,MTEADVNPKAYPLADAHLTKKLLDLVQQSCNYKQLRKGANEATKTLNRGISEFIVMAADAEPLEIILHLPLLCEDKNVPYVFVRSKQALGRACGVSRPVIACSVTIKEGSQLKQQIQSIQQSIERLLV,128
105,>1E8OA,rbp,PQYQTWEEFSRAAEKLYLADPMKARVVLKYRHSDGNLCVKVTDDLVCLVYKTDQAQDVKKIEKFHSQLMRLMVAKEARNVTMETE,85
106,>1E8OB,rbp,VLLESEQFLTELTRLFQKCRTSGSVYITLKKYDGRTKPIPKKGTVEGFEPADNKCLLRATDGKKKISTVVSSKEVNKFQMAYSNLLRANMDGLKKRDKKNKTKKTK,106
107,>1F8VE,rbp,SKFWEGVLRVLNQISGTLSVIPGPVGTISAGVHQLTGMYM,40
108,>1FFYA,rbp,MDYEKTLLMPKTDFPMRGGLPNKEPQIQEKWDAEDQYHKALEKNKGNETFILHDGPPYANGNLHMGHALNKILKDFIVRYKTMQGFYAPYVPGWDTHGLPIEQALTKKGVDRKKMSTAEFREKCKEFALEQIELQKKDFRRLGVRGDFNDPYITLKPEYEAAQIRIFGEMADKGLIYKGKKPVYWSPSSESSLAEAEIEYHDKRSASIYVAFNVKDDKGVVDADAKFIIWTTTPWTIPSNVAITVHPELKYGQYNVNGEKYIIAEALSDAVAEALDWDKASIKLEKEYTGKELEWVVAQHPFLDRESLVINGDHVTTDAGTGCVHTAPGHGEDDYIVGQQYELPVISPIDDKGVFTEEGGQFEGMFYDKANKAVTDLLTEKGALLKLDFITHSYPHDWRTKKPVIFRATPQWFASISKVRQDILDAIENTNFKVNWGKTRIYNMVRDRGEWVISRQRVWGVPLPVFYAENGEIIMTKETVNHVADLFAEHGSNIWFEREAKDLLPEGFTHPGSPNGTFTKETDIMDVWFDSGSSHRGVLETRPELSFPADMYLEGSDQYRGWFNSSITTSVATRGVSPYKFLLSHGFVMDGEGKKMSKSLGNVIVPDQVVKQKGADIARLWVSSTDYLADVRISDEILKQTSDDYRKIRNTLRFMLGNINDFNPDTDSIPESELLEVDRYLLNRLREFTASTINNYENFDYLNIYQEVQNFINVELSNFYLDYGKDILYIEQRDSHIRRSMQTVLYQILVDMTKLLAPILVHTAEEVWSHTPHVKEESVHLADMPKVVEVDQALLDKWRTFMNLRDDVNRALETARNEKVIGKSLEAKVTIASNDKFNASEFLTSFDALHQLFIVSQVKVVDKLDDQATAYEHGDIVIEHADGEKCERCWNYSEDLGAVDELTHLCPRCQQVVKSLV,917
109,>1FKAO,rbp,MPITKEEKQKVIQEFARFPGDTGSTEVQVALLTLRINRLSEHLKVHKKDHHSHRGLLMMVGQRRRLLRYLQREDPERYREIVEKLGLRG,89
110,>1G59A,rbp,MVVTRIAPSPTGDPHVGTAYIALFNYAWARRNGGRFIVRIEDTDRARYVPGAEERILAALKWLGLSYDEGPDVAAPTGPYRQSERLPLYQKYAEELLKRGWAYRAFETPEELEQIRKEKGGYDGRARNIPPEEAEERARRGEPHVIRLKVPRPGTTEVKDELRGVVVYDNQEIPDVVLLKSDGYPTYHLANVVDDHLMGVTDVIRAEEWLVSTPIHVLLYRAFGWEAPRFYHMPLLRNPDKTKISKRKSHTSLDWYKAEGFLPEALRNYLCLMGFSMPDGREIFTLEEFIQAFTWERVSLGGPVFDLEKLRWMNGKYIREVLSLEEVAERVKPFLREAGLSWESEAYLRRAVELMRPRFDTLKEFPEKARYLFTEDYPVSEKAQRKLEEGLPLLKELYPRLRAQEEWTEAALEALLRGFAAEKGVKLGQVAQPLRAALTGSLETPGLFEILALLGKERALRRLERALA,468
111,>1GAXA,rbp,MDLPKAYDPKSVEPKWAEKWAKNPFVANPKSGKPPFVIFMPPPNVTGSLHMGHALDNSLQDALIRYKRMRGFEAVWLPGTDHAGIATQVVVERLLLKEGKTRHDLGREKFLERVWQWKEESGGTILKQLKRLGASADWSREAFTMDEKRSRAVRYAFSRYYHEGLAYRAPRLVNWCPRCETTLSDLEVETEPTPGKLYTLRYEVEGGGFIEIATVRPETVFADQAIAVHPEDERYRHLLGKRARIPLTEVWIPILADPAVEKDFGTGALKVTPAHDPLDYEIGERHGLKPVSVINLEGRMEGERVPEALRGLDRFEARRKAVELFREAGHLVKEEDYTIALATCSRCGTPIEYAIFPQWWLRMRPLAEEVLKGLRRGDIAFVPERWKKVNMDWLENVKDWNISRQLWWGHQIPAWYCEDCQAVNVPRPERYLEDPTSCEACGSPRLKRDEDVFDTWFSSALWPLSTLGWPEETEDLKAFYPGDVLVTGYDILFLWVSRMEVSGYHFMGERPFKTVLLHGLVLDEKGQKMSKSKGNVIDPLEMVERYGADALRFALIYLATGGQDIRLDLRWLEMARNFANKLYNAARFVLLSREGFQAKEDTPTLADRFMRSRLSRGVEEITALYEALDLAQAAREVYELVWSEFCDWYLEAAKPALKAGNAHTLRTLEEVLAVLLKLLHPMMPFLTSELYQALTGKEELALEAWPEPGGRDEEAERAFEALKQAVTAVRALKAEAGLPPAQEVRVYLEGETAPVEENLEVFRFLSRADLLPERPAKALVKAMPRVTARMPLEGLLDVEEWRRRQEKRLKELLALAERSQRKLASPGFREKAPKEVVEAEEARLKENLEQAERIREALSQIG,862
112,>1H38A,rbp,MNTINIAKNDFSDIELAAIPFNTLADHYGERLAREQLALEHESYEMGEARFRKMFERQLKAGEVADNAAAKPLITTLLPKMIARINDWFEEVKAKRGKRPTAFQFLQEIKPEAVAYITIKTTLACLTSADNTTVQAVASAIGRAIEDEARFGRIRDLEAKHFKKNVEEQLNKRVGHVYKKAFMQVVEADMLSKGLLGGEAWSSWHKEDSIHVGVRCIEMLIESTGMVSLHRQNAGVVGQDSETIELAPEYAEAIATRAGALAGISPMFQPCVVPPKPWTGITGGGYWANGRRPLALVRTHSKKALMRYEDVYMPEVYKAINIAQNTAWKINKKVLAVANVITKWKHCPVEDIPAIEREELPMKPEDIDMNPEALTAWKRAAAAVYRKDKARKSRRISLEFMLEQANKFANHKAIWFPYNMDWRGRVYAVSMFNPQGNDMTKGLLTLAKGKPIGKEGYYWLKIHGANCAGVDKVPFPERIKFIEENHENIMACAKSPLENTWWAEQDSPFCFLAFCFEYAGVQHHGLSYNCSLPLAFDGSCSGIQHFSAMLRDEVGGRAVNLLPSETVQDIYGIVAKKVNEILQADAINGTDNEVVTVTDENTGEISEKVKLGTKALAGQWLAYGVTRSVTKRSVMTLAYGSKEFGFRQQVLEDTIQPAIDSGKGLMFTQPNQAAGYMAKLIWESVSVTVVAAVEAMNWLKSAAKLLAAEVKDKKTGEILRKRCAVHWVTPDGFPVWQEYKKPIQTRLNLMFLGQFRLQPTINTNKDSEIDAHKQESGIAPNFVHSQDGSHLRKTVVWAHEKYGIESFALIHDSFGTIPADAANLFKAVRETMVDTYESCDVLADFYDQFADQLHESQLDKMPALPAKGNLNLRDILESDFAFA,883
113,>1HC8A,rbp,FTFITKTPPAAVLLKKAAGIESGSGEPNRNKVATIKRDKVREIAELKMPDLNAASIEAAMRMIEGTARSMGIVVEN,76
114,>1I5LA,rbp,MPPRPLDVLNRSLKSPVIVRLKGGREFRGTLDGYDIHMNLVLLDAEEIQNGEVVRKVGSVVIRGDTVVFVSPAPGGE,77
115,>1JJ2G,rbp,MSAESERKTETIPEWKQEEVDAIVEMIESYESVGVVNIAGIPSRQLQDMRRDLHGTAELRVSRNTLLERALDDVDDGLEDLNGYITGQVGLIGTDDNPFSLFQELEASKTPAPIGAGEVAPNDIVIPEGDTGVDPGPFVGELQSVGADARIQEGSIQVLSDSTVLDTGEEVSQELSNVLNELGIEPKEVGLDLRAVFADGVLFEPEELELDIDEYRSDIQAAAGRAFNLSVNADYPTATTAPTMLQSDRGNAKSLALQAAIEDPEVVPDLVSKADAQVRALASQIDDEEALPEELQGVEADVATEEPTDDQDDDTASEDDADADDAAEEADDDDDDDEDAGDALGAMF,348
116,>1KOGA,rbp,RDHRKIGKQLDLYHMQEEAPGMVFWHNDGWTIFRELEVFVRSKLKEYQYQEVKGPFMMDRVLWEKTGHWDNYKDAMFTTSSENREYCIKPMNCPGHVQIFNQGLKSYRDLPLRMAEFGSCHRNEPSGSLHGLMRVRGFTQDDAHIFCTEEQIRDEVNGCIRLVYDMYSTFGFEKIVVKLSTRPEKRIGSDEMWDRAEADLAVALEENNIPFEYQLGEGAFYGPKIEFTLYDCLDRAWQCGTVQLDFSLPSRLSASYVGEDNERKVPVMIHRAILGSMERFIGILTEEFAGFFPTWLAPVQVVIMNITDSQSEYVNELTQKLSNAGIRVKADLRNEKIGFKIREHTLRRVPYMLVCGDKEVESGKVAVRTRRGKDLGSMDVNEVIEKLQQEIRSRSLKQLEE,401
117,>1L9AA,rbp,MIIWPSYIDKKKSRREGRKVPEELAIEKPSLKDIEKALKKLGLEPKIYRDKRYPRQHWEIAGRVEVDYKGNKLCLLKEIAKIIKGKN,87
118,>1M8YA,rbp,GRSRLLEDFRNNRYPNLQLREIAGHIMEFSQDQHGSRFIQLKLERATPAERQLVFNEILQAAYQLMVDVFGNYVIQKFFEFGSLEQKLALAERIRGHVLSLALQMYGCRVIQKALEFIPSDQQNEMVRELDGHVLKCVKDQNGNHVVQKCIECVQPQSLQFIIDAFKGQVFALSTHPYGCRVIQRILEHCLPDQTLPILEELHQHTEQLVQDQYGNYVIQHVLEHGRPEDKSKIVAEIRGNVLVLSQHKFASNVVEKCVTHASRTERAVLIDEVCTMNDGPHSALYTMMKDQYANYVVQKMIDVAEPGQRKIVMHKIRPHIATLRKYTYGKHILAKLEKYYMKNGVDLG,349
119,>1MFQC,rbp,MRGSHHHHHHKHGQFTLRDMYEQFQNIMKMGPFSQILGMIPGFGTDFMSKGNEQESMARLKKLMTIMDSMNDQELDSTDGAKVFSKQPGRIQRVARGSGVSTRDVQELLTQYTKFAQMVKKMGGIKGLF,129
120,>1OOAA,rbp,GGPYLQILEQPKQRGFRFRYVCEGPSHGGLPGASSEKNKKSYPQVKICNYVGPAKVIVQLVTNGKNIHLHAHSLVGKHCEDGVCTVTAGPKDMVVGFANLGILHVTKKKVFETLEARMTEACIRGYNPGLLVHSDLAYLQAEGGGDRQLTDREKEIIRQAAVQQTKEMDLSVVRLMFTAFLPDSTGSFTRRLEPVVSDAIYDSKAPNASNLKIVRMDRTAGCVTGGEEIYLLCDKVQKDDIQIRFYEEEENGGVWEGFGDFSPTDVHRQFAIVFKTPKYKDVNITKPASVFVQLRRKSDLETSEPKPFLYYPEIKDKEEVQRKRQK,326
121,>1P6VA,rbp,GKSDKIIPIAENKEAKAKYDILETYEAGIVLKGSEVKSLREKGTVSFKDSFVRIENGEAWLYNLYIAPYKHATIENHDPLRKRKLLLHKREIMRLYGKVQEKGYTIIPLKLYWKNNKVKVLIALAKGKKLYDRRRELKEKAMKRELEREFKGKIHL,156
122,>1Q2RA,rbp,MVEATAQETDRPRFSFSIAAREGKARTGTIEMKRGVIRTPAFMPVGTAATVKALKPETVRATGADIILGNTYHLMLRPGAERIAKLGGLHSFMGWDRPILTDSGGYQVMSLSSLTKQSEEGVTFKSHLDGSRHMLSPERSIEIQHLLGSDIVMAFDECTPYPATPSRAASSMERSMRWAKRSRDAFDSRKEQAENAALFGIQQGSVFENLRQQSADALAEIGFDGYAVGGLAVGEGQDEMFRVLDFSVPMLPDDKPHYLMGVGKPDDIVGAVERGIDMFDCVLPTRSGRNGQAFTWDGPINIRNARFSEDLKPLDSECHCAVCQKWSRAYIHHLIRAGEILGAMLMTEHNIAFYQQLMQKIRDSISEGRFSQFAQDFRARYFARNS,386
123,>1RPUA,rbp,MERAIQGNDTREQANGERWDGGSGGITSPFKLPDESPSWTEWRLYNDETNSNQDNPLGFKESWGFGKVVFKRYLRYDRTEASLHRVLGSWTGDSVNYAASRFLGANQVGCTYSIRFRGVSVTISGGSRTLQHLCEMAIRSKQELLQLTPVEVESNVSRGCPEGIETFKKESE,172
124,>1S72H,rbp,KPASMYRDIDKPAYTRREYITGIPGSKIAQHKMGRKQKDADDYPVQISLIVEETVQLRHGSLEASRLSANRHLIKELGEEGDYKMTLRKFPHQVLRENKQATGAGADRVSDGMRAAFGKIVGTAARVQAGEQLFTAYCNVEDAEHVKEAFRRAYNKITPSCRIDSSPAGNA,171
125,>1SI2A,rbp,GSHMAQPVIEFMCEVLDIRNIDEQPKPLTDSQRVRFTKEIKGLKVEVTHCGQMKRKYRVCNVTRRPASHQTFPLQLESGQTVECTVAQYFKQKYNLQLKYPHLPCLQVGQEQKHTYLPLEVCNIVAGQRCIKKLTDNQTSTMIKATARS,149
126,>1TTTA,rbp,AKGEFIRTKPHVNVGTIGHVDHGKTTLTAALTYVAAAENPNVEVKDYGDIDKAPEERARGITINTAHVEYETAKRHYSHVDCPGHADYIKNMITGAAQMDGAILVVSAADGPMPQTREHILLARQVGVPYIVVFMNKVDMVDDPELLDLVEMEVRDLLNQYEFPGDEVPVIRGSALLALEEMHKNPKTKRGENEWVDKIWELLDAIDEYIPTPVRDVDKPFLMPVEDVFTITGRGTVATGRIERGKVKVGDEVEIVGLAPETRKTVVTGVEMHRKTLQEGIAGDNVGLLLRGVSREEVERGQVLAKPGSITPHTKFEASVYILKKEEGGRHTGFFTGYRPQFYFRTTDVTGVVRLPQGVEMVMPGDNVTFTVELIKPVALEEGLRFAIREGGRTVGAGVVTKILE,405
127,>1U0BB,rbp,MLKIFNTLTRQKEEFKPIHAGEVGMYVCGITVYDLCHIGHGRTFVAFDVVARYLRFLGYKLKYVRNITDIDDKIIKRANENGESFVAMVDRMIAEMHKDFDALNILRPDMEPRATHHIAEIIELTEQLIAKGHAYVADNGDVMFDVPTDPTYGVLSRQDLDQLQAGARVDVVDDKRNPMDFVLWKMSKEGEPSWPSPWGAGRPGWHIECSAMNCKQLGNHFDIHGGGSDLMFPHHENEIAQSTCAHDGQYVNYWMHSGMVMVDREKMSKSLGNFFTVRDVLKYYDAETVRYFLMSGHYRSQLNYSEENLKQARAALERLYTALRGTDKTVAPAGGEAFEARFIEAMDDDFNTPEAYSVLFDMAREVNRLKAEDMAAANAMASHLRKLSAVLGLLEQEPEAFLQSGAQADDSEVAEIEALIQQRLDARKAKDWAAADAARDRLNEMGIVLEDGPQGTTWRRK,461
128,>1URNA,rbp,AVPETRPNHTIYINNLNEKIKKDELKKSLHAIFSRFGQILDILVSRSLKMRGQAFVIFKEVSSATNALRSMQGFPFYDKPMRIQYAKTDSDIIAKMK,97
129,>1UVJA,rbp,PRRAPAFPLSDIKAQMLFANNIKAQQASKRSFKEGAIETYEGLLSVDPRFLSFKNELSRYLTDHFPANVDEYGRVYGNGVRTNFFGMRHMNGFPMIPATWPLASNLKKRADADLADGPVSERDNLLFRAAVRLMFSDLEPVPLKIRKGSSTCIPYFSNDMGTKIEIAERALEKAEEAGNLMLQGKFDDAYQLHQMGGAYYVVYRAQSTDAITLDPKTGKFVSKDRMVADFEYAVTGGEQGSLFAASKDASRLKEQYGIDVPDGFFCERRRTAMGGPFALNAPIMAVAQPVRNKIYSKYAYTFHHTTRLNKEEKVKEWSLCVATDVSDHDTFWPGWLRDLICDELLNMGYAPWWVKLFETSLKLPVYVGAPAPEQGHTLLGDPSNPDLEVGLSSGQGATDLMGTLLMSITYLVMQLDHTAPHLNSRIKDMPSACRFLDSYWQGHEEIRQISKSDDAMLGWTKGRALVGGHRLFEMLKEGKVNPSPYMKISYEHGGAFLGDILLYDSRREPGSAIFVGNINSMLNNQFSPEYGVQSGVRDRSKRKRPFPGLAWASMKDTYGACPIYSDVLEAIERCWWNAFGESYRAYREDMLKRDTLELSRYVASMARQAGLAELTPIDLEVLADPNKLQYKWTEADVSANIHEVLMHGVSVEKTERFLRSVMPR,664
130,>1WMQA,rbp,TLHKERRIGRLSVLLLLNEAEESTQVEELERDGWKVCLGKVGSMDAHKVIAAIETASKKSGVIQSEGYRESHALYHATMEALHGVTRGEMLLGSLLRTVGLRFAVLRGNPYESEAEGDWIAVSLYGTIGAPIKGLEHETFGVGINHI,147
131,>1WNEA,rbp,GLIVDTRDVEERVHVMRKTKLAPTVAHGVFNPEFGPAALSNKDPRLNEGVVLDEVIFSKHKGDTKMSAEDKALFRRCAADYASRLHSVLGTANAPLSIYEAIKGVDGLDAMEPDTAPGLPWALQGKRRGALIDFENGTVGPEVEAALKLMEKREYKFACQTFLKDEIRPMEKVRAGKTRIVDVLPVEHILYTRMMIGRFCAQMHSNNGPQIGSAVGCNPDVDWQRFGTHFAQYRNVWDVDYSAFDANHCSDAMNIMFEEVFRTEFGFHPNAEWILKTLVNTEHAYENKRITVEGGMPSGCSATSIINTILNNIYVLYALRRHYEGVELDTYTMISYGDDIVVASDYDLDFEALKPHFKSLGQTITPADKSDKGFVLGHSITDVTFLKRHFHMDYGTGFYKPVMASKTLEAILSFARRGTIQEKLISVAGLAVHSGPDEYRRLFEPFQGLFEIPSYRSLYLRWVNAVCGDAAALEHH,476
132,>1XMQB,rbp,MPVEITVKELLEAGVHFGHERKRWNPKFARYIYAERNGIHIIDLQKTMEELERTFRFIEDLAMRGGTILFVGTKKQAQDIVRMEAERAGMPYVNQRWLGGMLTNFKTISQRVHRLEELEALFASPEIEERPKKEQVRLKHELERLQKYLSGFRLLKRLPDAIFVVDPTKEAIAVREARKLFIPVIALADTDSDPDLVDYIIPGNDDAIRSIQLILSRAVDLIIQARGGVVEPSPSYALVQEAEATETPEGESEVEA,256
133,>1XMQC,rbp,MGNKIHPIGFRLGITRDWESRWYAGKKQYRHLLLEDQRIRGLLEKELYSAGLARVDIERAADNVAVTVHVAKPGVVIGRGGERIRVLREELAKLTGKNVALNVQEVQNPNLSAPLVAQRVAEQIERRFAVRRAIKQAVQRVMESGAKGAKVIVSGRIGGAEQARTEWAAQGRVPLHTLRANIDYGFALARTTYGVLGVKAYIFLGEVIGGQKPKARPELPKAEERPRRRRPAVRVKKEE,239
134,>1XMQD,rbp,MGRYIGPVCRLCRREGVKLYLKGERCYSPKCAMERRPYPPGQHGQKRARRPSDYAVRLREKQKLRRIYGISERQFRNLFEEASKKKGVTGSVFLGLLESRLDNVVYRLGFAVSRRQARQLVRHGHITVNGRRVDLPSYRVRPGDEIAVAEKSRNLELIRQNLEAMKGRKVGPWLSLDVEGMKGKFLRLPDREDLALPVNEQLVIEFYSR,209
135,>1XMQE,rbp,MPETDFEEKMILIRRTARMQAGGRRFRFGALVVVGDRQGRVGLGFGKAPEVPLAVQKAGYYARRNMVEVPLQNGTIPHEIEVEFGASKIVLKPAAPGTGVIAGAVPRAILELAGVTDILTKELGSRNPINIAYATMEALRQLRTKADVERLRKGEAHAQAQG,162
136,>1XMQF,rbp,MRRYEVNIVLNPNLDQSQLALEKEIIQRALENYGARVEKVEELGLRRLAYPIAKDPQGYFLWYQVEMPEDRVNDLARELRIRDNVRRVMVVKSQEPFLANA,101
137,>1XMQG,rbp,MARRRRAEVRQLQPDLVYGDVLVTAFINKIMRDGKKNLAARIFYDACKIIQEKTGQEPLKVFKQAVENVKPRMEVRSRRVGGANYQVPMEVSPRRQQSLALRWLVQAANQRPERRAAVRIAHELMDAAEGKGGAVKKKEDVERMAEANRAYAHYRW,156
138,>1XMQH,rbp,MLTDPIADMLTRIRNATRVYKESTDVPASRFKEEILRILAREGFIKGYERVDVDGKPYLRVYLKYGPRRQGPDPRPEQVIHHIRRISKPGRRVYVGVKEIPRVRRGLGIAILSTSKGVLTDREARKLGVGGELICEVW,138
139,>1XMQI,rbp,MEQYYGTGRRKEAVARVFLRPGNGKVTVNGQDFNEYFQGLVRAVAALEPLRAVDALGRFDAYITVRGGGKSGQIDAIKLGIARALVQYNPDYRAKLKPLGFLTRDARVVERKKYGKHKARRAPQYSKR,128
140,>1XMQJ,rbp,MPKIRIKLRGFDHKTLDASAQKIVEAARRSGAQVSGPIPLPTRVRRFTVIRGPFKHKDSREHFELRTHNRLVDIINPNRKTIEQLMTLDLPTGVEIEIKTVGGGR,105
141,>1XMQK,rbp,MAKKPSKKKVKRQVASGRAYIHASYNNTIVTITDPDGNPITWSSGGVIGYKGSRKGTPYAAQLAALDAAKKAMAYGMQSVDVIVRGTGAGREQAIRALQASGLQVKSIVDDTPVPHNGCRPKKKFRKAS,129
142,>1XMQL,rbp,MVALPTINQLVRKGREKVRKKSKVPALKGAPFRRGVCTVVRTVTPKKPNSALRKVAKVRLTSGYEVTAYIPGEGHNLQEHSVVLIRGGRVKDLPGVRYHIVRGVYDAAGVKDRKKSRSKYGTKKPKEAAKTAAKK,135
143,>1XMQM,rbp,MARIAGVEIPRNKRVDVALTYIYGIGKARAKEALEKTGINPATRVKDLTEAEVVRLREYVENTWKLEGELRAEVAANIKRLMDIGCYRGLRHRRGLPVRGQRTRTNARTRKGPRKTVAGKKKAPRK,126
144,>1XMQN,rbp,MARKALIEKAKRTPKFKVRAYTRCVRCGRARSVYRFFGLCRICLRELAHKGQLPGVRKASW,61
145,>1XMQP,rbp,MVKIRLARFGSKHNPHYRIVVTDARRKRDGKYIEKIGYYDPRKTTPDWLKVDVERARYWLSVGAQPTDTARRLLRQAGVFRQEAREGA,88
146,>1XMQQ,rbp,MPKKVLTGVVVSDKMQKTVTVLVERQFPHPLYGKVIKRSKKYLAHDPEEKYKLGDVVEIIESRPISKRKRFRVLRLVESGRMDLVEKYLIRRQNYQSLSKRGGKA,105
147,>1XMQR,rbp,MSTKNAKPKKEAQRRPSRKAKVKATLGEFDLRDYRNVEVLKRFLSETGKILPRRRTGLSGKEQRILAKTIKRARILGLLPFTEKLVRK,88
148,>1XMQS,rbp,MPRSLKKGVFVDDHLLEKVLELNAKGEKRLIKTWSRRSTIVPEMVGHTIAVYNGKQHVPVYITENMVGHKLGEFAPTRTYRGHGKEAKATKKK,93
149,>1XMQT,rbp,MAQKKPKRNLSALKRHRQSLKRRLRNKAKKSAIKTLSKKAIQLAQEGKAEEALKIMRKAESLIDKAAKGSTLHKNAAARRKSRLMRKVRQLLEAAGAPLIGGGLSA,106
150,>1XMQV,rbp,MGKGDRRTRRGKIWRGTYGKYRPRKKK,27
151,>1XOKC,rbp,SSSQKKAGGKAGKPTKRSQNYAALRK,26
152,>1YTUA,rbp,MMEYKIVENGLTYRIGNGASVPISNTGELIKGLRNYGPYEVPSLKYNQIALIHNNQFSSLINQLKSQISSKIDEVWHIHNINISEFIYDSPHFDSIKSQVDNAIDTGVDGIMLVLPEYNTPLYYKLKSYLINSIPSQFMRYDILSNRNLTFYVDNLLVQFVSKLGGKPWILNVDPEKGSDIIIGTGATRIDNVNLFCFAMVFKKDGTMLWNEISPIVTSSEYLTYLKSTIKKVVYGFKKSNPDWDVEKLTLHVSGKRPKMKDGETKILKETVEELKKQEMVSRDVKYAILHLNETHPFWVMGDPNNRFHPYEGTKVKLSSKRYLLTLLQPYLKRNGLEMVTPIKPLSVEIVSDNWTSEEYYHNVHEILDEIYYLSKMNWRGFRSRNLPVTVNYPKLVAGIIANVNRYGGYPINPEGNRSLQTNPWFL,427
153,>1YVPA,rbp,MEATMDQTQPLNEKQVPNSEGCYVWQVSDMNRLRRFLCFGSEGGTYYIEEKKLGQENAEALLRLIEDGKGCEVVQEIKTFSQEGRAAKQEPTLFALAVCSQCSDIKTKQAAFRAVPEVCRIPTHLFTFIQFKKDLKEGMKCGMWGRALRKAVSDWYNTKDALNLAMAVTKYKQRNGWSHKDLLRLSHIKPANEGLTMVAKYVSKGWKEVQEAYKEKELSPETEKVLKYLEATERVKRTKDELEIIHLIDEYRLVREHLLTIHLKSKEIWKSLLQDMPLTALLRNLGKMTADSVLAPASSEVSSVCERLTNEKLLKKARIHPFHILVALETYKKGHGNRGKLRWIPDTSIVEALDNAFYKSFKLVEPTGKRFLLAIDVSASMNQRVLGSILNASVVAAAMCMLVARTEKDSHMVAFSDEMLPCPITVNMLLHEVVEKMSDITMGSTDCALPMLWAQKTNTAADIFIVFTDCETNVEDVHPATALKQYREKMGIPAKLIVCAMTSNGFSIADPDDRGMLDICGFDSGALDVIRNFTLDLI,538
154,>1ZE2A,rbp,MKHGILVAYKPKGPTSHDVVDEVRKKLKTRKVGHGGTLDPFACGVLIIGVNQGTRILEFYKDLKKVYWVKMRLGLITETFDITGEVVEERECNVTEEEIREAIFSFVGEYDQVPPAYSAKKYKGERLYKLAREGKIINLPPKRVKIFKIWDVNIEGRDVSFRVEVSPGTYIRSLCMDIGYKLGCGATAVELVRESVGPHTIEESLNVFEAAPEEIENRIIPLEKCLEWLPRVVVHQESTKMILNGSQIHLEMLKEWDGFKKGEVVRVFNEEGRLLALAEAERNSSFLETLRKHERQERVLTLRKVFQTR,309
155,>1ZJWA,rbp,SEAEARPTNFIRQIIDEDLASGKHTTVHTRFPPEPNGYLHIGHAKSICLNFGIAQDYKGQCNLRFDDTNPVKEDIEYVESIKNDVEWLGFHWSGNVRYSSDYFDQLHAYAIELINKGLAYVDELTPEQIREYRGTLTQPGKNSPYRDRSVEENLALFEKMRAGGFEEGKACLRAKIDMASPFIVMRDPVLYRIKFAEHHQTGNKWCIYPMYDFTHCISDALEGITHSLCTLEFQDNRRLYDWVLDNITIPVHPRQYEFSRLNLEYTVMSKRKLNLLVTDKHVEGWDDPRMPTISGLRRRGYTAASIREFCKRIGVTKQDNTIEMASLESCIREDLNENAPRAMAVIDPVKLVIENYQGEGEMVTMPNHPNKPEMGSRQVPFSGEIWIDRADFREEANKQYKRLVLGKEVRLRNAYVIKAERVEKDAEGNITTIFCTYDADTLSKDPADGRKVKGVIHWVSAAHALPVEIRLYDRLFSVPNPGAADDFLSVINPESLVIKQGFAEPSLKDAVAGKAFQFEREGYFCLDSRHSTAEKPVFNRTVGLRDTWAKVGE,553
156,>2A8VA,rbp,MNLTELKNTPVSELITLGENMGLENLARMRKQDIIFAILKQHAKSGEDIFGDGVLEILQDGFGFLRSADSSYLAGPDDIYVSPSQIRRFNLRTGDTISGKIRPPKEGERYFALLKVNE,118
157,>2BBVF,rbp,ASMWERVKSIIKSSLAMASNVPGPIGIAASGLSGLSALFEGFGF,44
158,>2BH2A,rbp,MAQFYSAKRRTTTRQIITVSVNDLDSFGQGVARHNGKTLFIPGLLPQENAEVTVTEDKKQYARAKVVRRLSDSPERETPRCPHFGVCGGCQQQHASVDLQQRSKSAALARLMKHDVSEVIADVPWGYRRRARLSLNYLPKTQQLQMGFRKAGSSDIVDVKQCPILAPQLEALLPKVRACLGSLQAMRHLGHVELVQATSGTLMILRHTAPLSSADREKLERFSHSEGLDLYLAPDSEILETVSGEMPWYDSNGLRLTFSPRDFIQVNAGVNQKMVARALEWLDVQPEDRVLDLFCGMGNFTLPLATQAASVVGVEGVPALVEKGQQNARLNGLQNVTFYHENLEEDVTKQPWAKNGFDKVLLDPARAGAAGVMQQIIKLEPIRIVYVSCNPATLARDSEALLKAGYTIARLAMLDMFPHTGHLESMVLFSRVK,433
159,>4GCWA,rbp,MELLFLGTGAGIPAKARNVTSVALKLLEERRSVWLFDCGEATQHQMLHTTIKPRKIEKIFITHMHGDHVYGLPGLLGSRSFQGGEDELTVYGPKGIKAFIETSLAVTKTHLTYPLAIQEIEEGIVFEDDQFIVTAVSVIHGVEAFGYRVQEKDVPGSLKADVLKEMNIPPGPVYQKIKKGETVTLEDGRIINGNDFLEPPKKGRSVVFSGDTRVSDKLKELARDCDVMVHEATFAKEDRKLAYDYYHSTTEQAAVTAKEARAKQLILTHISARYQGDASLELQKEAVDVFPNSVAAYDFLEVNVPRGKLAAALEHHHHHH,320
160,>4IAOC,nnabp,GSMNTIITHPGKMELVYVSDSDDSSSDNDSLTDLESLSSGESNEIKVTNDLDTSAEKDQIQAGKWFDPVLDWRKSDRELTKNILWRIADKTTYDKETITDLIEQGIPKHSYLSGNPLTSVTNDICSVENYETSSAFFYQQVHKKDRLQYLPLYAVSTFE,159
161,>4I8DA,nnabp,AVVPPAGTPWGTAYDKAKAALAKLNLQDKVGIVSGVGWNGGPCVGNTSPASKISYPSLCLQDGPLGVRYSTGSTAFTPGVQAASTWDVNLIRERGQFIGEEVKASGIHVILGPVAGPLGKTPQGGRNWEGFGVDPYLTGIAMGQTINGIQSVGVQATAKHYILNEQELNRETISSNPDDRTLHELYTWPFADAVQANVASVMCSYNKVNTTWACEDQYTLQTVLKDQLGFPGYVMTDWNAQHTTVQSANSGLDMSMPGTDFNGNNRLWGPALTNAVNSNQVPTSRVDDMVTRILAAWYLTGQDQAGYPSFNISRNVQGNHKTNVRAIARDGIVLLKNDANILPLKKPASIAVVGSAAIIGNHARNSPSCNDKGCDDGALGMGWGSGAVNYPYFVAPYDAINTRASSQGTQVTLSNTDNTSSGASAARGKDVAIVFITADSGEGYITVEGNAGDRNNLDPWHNGNALVQAVAGANSNVIVVVHSVGAIILEQILALPQVKAVVWAGLPSQESGNALVDVLWGDVSPSGKLVYTIAKSPNDYNTRIVSGGSDSFSEGLFIDYKHFDDANITPRYEFGYGLSYTKFNYSRLSVLSTAKSGPATGAVVPGGPSDLFQNVATVTVDIANSGQVTGAEVAQLYITYPSSAPRTPPKQLRGFAKLNLTPGQSGTATFNIRRRDLSYWDTASQKWVVPSGSFGISVGASSRDIRLTSTLSVA,714
162,>3ZDWA,nnabp,MTLEKFVDALPIPDTLKPVQQSKEKTYYEVTMEECTHQLHRDLPPTRLWGYNGLFPGPTIEVKRNENVYVKWMNNLPSTHFLPIDHTIHHSDSQHEEPEVKTVVHLHGGVTPDDSDGYPEAWFSKDFEQTGPYFKREVYHYPNQQRGAILWYHDHAMALTRLNVYAGLVGAYIIHDPKEKRLKLPSDEYDVPLLITDRTINEDGSLFYPSAPENPSPSLPNPSIVPAFCGETILVNGKVWPYLEVEPRKYRFRVINASNTRTYNLSLDNGGDFIQIGSDGGLLPRSVKLNSFSLAPAERYDIIIDFTAYEGESIILANSAGCGGDVNPETDANIMQFRVTKPLAQKDESRKPKYLASYPSVQHERIQNIRTLKLAGTQDEYGRPVLLLNNKRWHDPVTETPKVGTTEIWSIINPTRGTHPIHLHLVSFRVLDRRPFDIARYQESGELSYTGPAVPPPPSEKGWKDTIQAHAGEVLRIAATFGPYSGRYVWHCHILEHEDYDMMRPMDITDPHK,513
163,>3W1SC,nnabp,GAHMNIQKIQIKFQPIGSIGQLKPSVCKISMSQSFAMVILFLKRRLKMDHVYCYINNSFAPSPQQNIGELWMQFKTNDELIVSYCASVAFG,91
164,>4I1DA,nnabp,SNAQITFVSQGGAYQAAQTVAILDPSAKKLGITINQDSIPDAWPAIKTQVGSGKPIWDVVDTPTGYCLRGGEQGLIEKLDFSKIPNAAAMPEAYRSPYSVSYEFYSSVLAYSQKTFPKDAPNSWVDFWDVKKFPGRRALRNHPIATLEAALMADGVAPDKLYPLDVDRAFKKLEEIKPHITVWWTSGAQSAQLLNDGEVDMEMAWNGRVSAVAKEGAKVSFTYNQGILQSTSLCILKGAPNLETAVKFLNEAVDPVHQANLPLHIDYGPGNPKAFETNVIKPERAAQLPSEPANAAKQALMSYAWWSSPAGEAAEKRWASFMQK,324
165,>4HY3A,nnabp,MHHHHHHSSGVDLGTENLYFQSMTNTERPLAISAPEPRSLDLIFSDEARAALHSKYEIVEADPENIAGLGDDILGRARYIIGQPPLSAETLARMPALRSILNVESNLLNNMPYEVLFQRGIHVVTTGQVFAEPVAEIGLGFALALARGIVDADIAFQEGTELWGGEGNASARLIAGSEIGIVGFGDLGKALRRVLSGFRARIRVFDPWLPRSMLEENGVEPASLEDVLTKSDFIFVVAAVTSENKRFLGAEAFSSMRRGAAFILLSRADVVDFDALMAAVSSGHIVAASDVYPEEPLPLDHPVRSLKGFIRSAHRAGALDSAFKKMGDMVLEDMDLMDRGLPPMRCKRAERETVSRMRSKPVAVN,365
166,>4HWXA,nnabp,GSAHGPSAMVFTVIQGSGEPTDTVLRATTLSCAYTAEGTHPAPRAACDALNATDGELNRLLAAPDPSLVCPMYFDPVTVTADGVLNGRRVAWKHTFSNTCVMSANLNSNPVYAF,114
167,>2M0YA,nnabp,MTRWVPTKREEKYGVAFYNYDARGADELSLQIGDTVHILETYEGWYRGYTLRKKSKKGIFPASYIHLKEAIVEG,74
168,>4HVTA,nnabp,MAHHHHHHMAMEDNNKQIFNPKETKFLEEAEGVEALEWAKERTSKTEKALQAMQEYKQIKKEIETIFYDQRKTPYGVIRKGYVYNFWMDDKNPQGLWRRTLVDNYSKDKPNWEVLIDFDKLSKKIGKKVAYRGVSNCFQNPNRYLISMSFGGKDEMFFREWDLEKKDFVKNGFEPITNSGKLLEGKFTYPTWINKDTIIFNLVLHKNEITSSLYPNSLYIWKRGESIEKAKKLFEVPKEYIYVSAGKLLSDTISSSLIFISANKDFYNYDNYILDTKYKNLKLQKINMPSDATLQGSFKEYVFWLLRSDWKFKSHNIKAGSLVALHFTDLLKTESDKTSLKILFTPTANEVFNFISTTKDRVFLATYDNVVAKVVTFTLENEQWTKPVVLKLPYQNAIFGMSSYEEEEEALITIENSIVPPTIYLWVKTHELKIIRKALYSFDSENYVLEQKEATSFDGVKIPYFLVYKKGIKFDGKNPTLLEAYGGFQVINAPYFSRIKNEVWVKNAGVSVLANIRGGGEFGPEWHKSAQGIKRQTAFNDFFAVSEELIKQNITSPEYLGIKGGSNGGLLVSVAMTQRPELFGAVACEVPILDMIRYKEFGAGHSWVTEYGDPEIPNDLLHIKKYAPLENLSLTQKYPTVLITDSVLDQRVHPWHGRIFEYVLAQNPNTKTYFLESKDSGHGSGSDLKESANYFINLYTFFANALKLKIN,711
169,>4HWGA,nnabp,MAHHHHHHMLKVMTIVGTRPELIKLCCVISEFDKHTKHILVHTGQNYAYELNQVFFDDMGIRKPDYFLEVAADNTAKSIGLVIEKVDEVLEKEKPDAVLFYGDTNSCLSAIAAKRRKIPIFHMEAGNRCFDQRVPEEINRKIIDHISDVNITLTEHARRYLIAEGLPAELTFKSGSHMPEVLDRFMPKILKSDILDKLSLTPKQYFLISSHREENVDVKNNLKELLNSLQMLIKEYNFLIIFSTHPRTKKRLEDLEGFKELGDKIRFLPAFSFTDYVKLQMNAFCILSDSGTITEEASILNLPALNIREAHERPEGMDAGTLIMSGFKAERVLQAVKTITEEHDNNKRTQGLVPDYNEAGLVSKKILRIVLSYVDYINRTVWFKW,385
170,>4HQFA,nnabp,RDVQNNIVDEIKYREEVCNDEVDLYLLMDGSGSIRRHNWVNHAVPLAMKLIQQLNLNDNAIHLYASVFSNNAREIIRLHSDASKNKEKALIIIKSLLSTNLPYGKTSLTDALLQVRKHLNDRINRENANQLVVILTDGIPDSIQDSLKESRKLSDRGVKIAVFGIGQGINVAFNRFLVGCHPSDGKCNLYADSAWENVKNVIGPFMKAVCVEVEKTASCGVWDEWSPCSVTCGKGTRSRKREILHEGCTSELQEQCEEERCLPKREPLDVPDEPHHHHHHA,281
171,>4HPQC,nnabp,MNEAVIEKLLENSRKFLTGAKLICQESNDHLTTTKLRIREWQKFQSKLHFVLDCIQQQTKFLSEILLREGIGRNLIEEEWSQTVLVRLVNDMKFWQNEITKMMNKLDNITNEIDQQHNSKLGDFISRDSSHILDSKLNEIPTIRKQVENITRQYQTMLAKVQSQLVESRMKGLRDEFSSKFGDQCRENLKLNEEFTNEADQLEQELADFLKSFTDHFDKCSALSSRSVSPEDAQNLFEIVERDDKDLAAINSLLQDAAIDVASFVRKVNMLLDERDADKAKMQATLSKLLTELRKHEEYISVFEGISALIQKFKASCLEDIRQTRNLLDFYANFERSYHNLLKEVKRRKETAAKLSQILKSCETQLEQINTADLRERQMFLLENGNYLPETIWPDEIGSLSPLYTLNYEVRKV,413
172,>2YO3A,nnabp,MKQIEDKIEEILSKIYHIENEIARIKKLIKVTDAQVSRNTQSITNLNTQVSNLDTRVTNIENGIGDIVTTGSTKYFKTNTDGADANAQGADSVAIGSGSIAAAENSVALGTNSVADEANTVSVGSSTQQRRITNVAAGVNNTDAVNVAQLKASEAGSVRYETNADGSVNYSVLNLGDGSGGTTRIGNVSAAVNDTDAVNYAQLKRSVEEANTYTDQKMGEMNSKIKGVENKMKQIEDKIEEILSKIYHIENEIARIKKLIKLHHHHHH,268
173,>4HN8A,nnabp,MSLHQASPSSTPRIVDMQVIPVAGRDSMLLNLCGAHAPYFTRNLVLLKDNAGRTGCGEVPGGEGIRQALERCRERVIGQSVGRYNRVLNDLRQAIAGPAKGPQTTQHQVTSEAEARVLAQPHEINLRLDNVITAVEAALLDLLGQHLEVPVAELLGSGQQRQRVPMLAYLFYIGERQRADLPYLAGKGSADDWYHLRHQAALTPDAIARLAEAARARYGFADFKLKGGVMRGAEEMEAIRAIKARFPDARVTLDPNGAWSLDEAIALCKGQGHVLAYAEDPCGPENGYSGREVMAEFKRATGIPTATNMVATDWRQMGHSLRLEAVDIPLADPHFWTMQGAVRLGQVCEEFGLTWGSHSNNHFDISLAMFTHAAAAVPGRITAIDTHWIWQEGEERLTREPLRIVGGQVQVPDKPGLGIEPDMQRIMAAHELYKKVASGARDDAMAMQYLVPGWQYHPKRPSLGREGHHHHHH,473
174,>4HN9A,nnabp,SNAGNSTTSDKGTEEATTSAFDVMSQFNEIGVSYPLTVTDQAGRTVTFEKAPEKIASSYYISTSLLLALGLQDKLVGIEAKANTRNIYKLAAPAIVSLPNMGTAKEFNTEACVAATPDVVFLPMKLKKTADTLESLGIKAVVVNPEDQSLLEECITLVGKITNNAGRAEALNNSIKTFLADNKTNVSGGNTPSVYLAGNSSVLSTAGSKMYQNTLLTNAGGKNVASELTDTYWANVSYEQILAWNPDYIVIAADATYTVDDILNDANLAGCNAVKNKNVVKLPNNIEAWDSPVPGSFLGSIYIASVLHPEKVTKDFYETCVTKFYESFYGFTPAK,335
175,>2YNQA,nnabp,GASTAQPKQEAYIQSTELFLQNKYSDVITTLEDYAPEDMPYVIQYELASSYVMTESLTEEQRQTVSNNITLKTDEQYMLYWIYIGRSQSEEALELARTIEDRDLIVYALLKYREQIKGDTDLSGDEKQKKLDEIDQEIKEYERERKESEAQLEEEQQSEQQ,161
176,>2YMVA,nnabp,SMSDTRLDVATLANAVQLAARAPSLHNTQPWRLIAEDGELKLFLDPSRVVRSTDRSSREAVMSCGVLLDHLRVALAAAGWDTEVQRFPNPNDRDHLATLSFRPLQFVTEGHRKRADAILARRTDRLPMSAYVDWDAFETLLRARLGDGPVHMDTLGEDVREEVAEAAALTESLRLYDAAYHSELAWWTTPFATEDGIPQTALISAEESERVAVSRDFPVAPHSSRRPALNNDAATIVVLSTDGYSREDALDAGEGLSKVLLECTMSGLATCPVTHVTELHTSRDIIGRLIVRDACPQVLVRIGLAPALDEVPPPTPRRPVDAFLEVRPRS,330
177,>2YMBA,nnabp,MAHHHHHHMAKSGLRQDPQSTAAATVLKRAVELDSESRYPQALVCYQEGIDLLLQVLKGTKDNTKRCNLREKISKYMDRAENIKKYLDQEKEDGKYHKQIKIEENATGFSYESLFREYLNETVTEVWIEDPYIRHTHQLYNFLRFCEMLIKRPCKVKTIHLLTSLDEGIEQVQQSRGLQEIEESLRSHGVLLEVQYSSSIHDREIRFNNGWMIKIGRGLDYFKKPQSRFSLGYCDFDLRPCHETTVDIFHKKHTKNI,257
178,>4HGAB,nnabp,MARTKQTARKSTGGKAPRKQLATKAARKSAPSTGGVKKPHRYRPGTVALREIRRYQKSTELLIRKLPFQRLVREIAQDFKTDLRFQSAAIGALQEASEAYLVGLFEDTNLCAIHAKRVTIMPKDIQLARRIRGERA,136
179,>4HESA,nnabp,SNAMEKLIVGKSLEHQLDTVIKELAPAGNISYAVLQFDDEEEPTLIAARGENTVHSSASLIKVLIMEYVFHLARTEQLDINDTVPLSRTPRVEGGGALQELVGKHSFTYLELCRLMMVLSDNIATNLLITVLGMENINARAEKLGVDEMELNRMMMDFNALAEGRDNHITAMSLARLYKHIFECRDRDVYGREMWNILGRQQFRDILPFYWGEGIRFHHKTGSLDRVEHDGGVIETFRGHFCFILLMSDIDNDRGKELGAQVGRIMKEFVEEALP,275
180,>3VYWA,nnabp,MKREEYLKNYLESYLRKKEVSLTEEEFNVILREFLRFAYNPEESGQEIADTADGSKTLIHKTYGEPYHSQTAGAIRESLYKFVRPSRILEKAKERKVIRILDVGFGLGYNLAVALKHLWEVNPKLRVEIISFEKELLKEFPILPEPYREIHEFLLERVPEYEGERLSLKVLLGDARKRIKEVENFKADAVFHDAFSPYKNPELWTLDFLSLIKERIDEKGYWVSYSSSLSVRKSLLTLGFKVGSSREIGRKRKGTVASLKAPVPPMEENEVRKLVLSPFAVPMRDEKLDKEPLEILIDYLLKVYKISR,308
181,>3VYSC,nnabp,MGEKIKLEHGAGGEIMEELLRDVILKTLTLKSAGGIGLDALDDGATIPFGDKHIVFTIDGHTVKPLFFPGGDIGRLAVSGTVNDLAVMGAEPIALANSMIIGEGLDMEVLKRVLKSMDETAREVPVPIVTGDTKVVEDKIEMFVITAGIGIAEHPVSDAGAKVGDAVLVSGTIGDHGIALMSHREGIAFETELKSDVAPIWDVVKAVAETIGWENIHAMKDPTRAGLSNALNEIARKSNVGILVREADIPIRPEVRAASEMLGISPYDVANEGKVVMVVAREYAEEALEAMRKTEKGRNAAIIGEVIADYRGKVLLETGIGGKRFMEPPEGDPVPRIC,338
182,>2LZEA,nnabp,MGAPVPYPDPLEPRGGKHICAICGNNAEDYKHTDMDLTYTDRDYKNCESYHKCSDLCQYCRYQKDLAIHHQHHHGGSMGMSGSGTGY,87
183,>4HD1A,nnabp,SNAMGSVPVELRGDFEVCRRLTRSHYENFSVVSLFVPRHLRPHFYSVYAFCRGVDDLGDEFAGDRMAALDAYEEELRRAFAGEATTPAFRALQFTIATCNLPMEPFLRLIEANRRDQRKHTYDTWEDLRDYCRYSADPVGRLVLGIFGCLDDERARLSDATCTALQVANHMQDIDRDLALGRIYVPRADLEQFGATLDDIRARRATDGVRRCIALEVDRAQALFDEGRRLESLVPPRLARQLKLYRLGGEAILAAIRRQGYNPFAGRPVVSGKQKLRIALSVLAGGAKGEGGSA,294
184,>4HCEA,nnabp,KAISYEQLSLASVGSVERLEGKIVGMNPPQFASINEFKYCTLKLYFTQLLPNVPDKVLVPGVNCIEIVIPTRERICELFGVLNCQSDKISDILLLEKPDRISVEVERILWDNDKTASPGMAVWSLKNISTDTQAQAQVQVPAQSSASIDPSR,152
185,>4HC6A,nnabp,GIVGVGIDLVSIPDFAEQVDQPGTVFAETFTPGERRDASDKSSSAARHLAARWAAKEAVIKAWSGSRFAQRPVLPADIHRDIEVVTDMWGRPRVRLTGAIAEYLADVTIHVSLTHEGDTAAAVAILEAP,129
186,>4HAMA,nnabp,SNAMFTINTKSQLPIYEQIVQKIKEQVVKGVLQEGEKILSIREFASRIGVNPNTVSKAYQELERQEVIITVKGKGTFIANQTDKLSSPKKLAETRTKLKETILDLVYLGVNIEEIHKLADEYSQDIIGGDVVEG,134
187,>4HAOA,nnabp,MNNRRFDCIGIVGHPRHPAALATHEILYHWLKARGYAVMVEQQIAHDLNLTDAITGSLADIGQKADLAVVVGGDGNMLGAARVLARYDIKVIGVNRGNLGFLTDLDPDNALQQLSDVLEGEYLSEQRFLLETHVRRTNQQSRISTAINEVVLHPGKVAHMIEFEVYIDDRFAFSQRSDGLIIATPTGSTAYSLSAGGPILTPTLDAIVLVPMFPHTLTARPLVISSSSTIRLKFSHITSDLEISCDSQIALPIQEGEEVLIRRSDFHLNLIHPKDYSYFNTLSTKLGWSKKLFENLYFHHHHHH,304
188,>3J27A,nnabp,MRCIGISNRDFVEGVSGGSWVDIVLEHGSCVTTMAKNKPTLDFELIETEAKQPATLRKYCIEAKLTNTTTDSRCPTQGEPSLNEEQDKRFVCKHSMVDRGWGNGCGLFGKGGIVTCAMFTCKKNMKGKVVQPENLEYTIVITPHSGEEHAVGNDTGKHGKEIKITPQSSITEAELTGYGTVTMECSPRTGLDFNEMVLLQMENKAWLVHRQWFLDLPLPWLPGADTQGSNWIQKETLVTFKNPHAKKQDVVVLGSQEGAMHTALTGATEIQMSSGNLLFTGHLKCRLRMDKLQLKGMSYSMCTGKFKVVKEIAETQHGTIVIRVQYEGDGSPCKIPFEIMDLEKRHVLGRLITVNPIVTEKDSPVNIEAEPPFGDSYIIIGVEPGQLKLNWFKKGSSIGQMIETTMRGAKRMAILGDTAWDFGSLGGVFTSIGKALHQVFGAIYGAAFSGVSWIMKILIGVIITWIGMNSRSTSLSVSLVLVGVVTLYLGVMVQA,495
189,>4BBKA,nnabp,MAHHHHHHSSGLEVLFQGPEDITDIPKLADYLKLFRPKKLMLKACKQYWFVFKDTSIAYFKNKELEQGEPIEKLNLRGCEIVPDVNVSGRKFGIKLLIPVADGMNEVYLRCDHEDQYARWMAACILASKGKTMADSSYQPEVISILSFLKMKNRNSSPLVASSLE,165
190,>4H63F,nnabp,GSHMASGAPPSVDLTSIQWRMPEWVQSMGGLRTENVLEYFSQSPFYSHKSNNEMLKMQSQFNALDLGDLNSQLKRLTGIQFVIIHERPPFLWVIQKQNRLNENEVKPLTVYFVCNENIYMAPNAYTLLATRMLNATYCFQKALTKIEKFPQYNPQEGYTYPKLSNDNLEVDHSNTNEPADENK,183
191,>2LYVA,nnabp,GGSKSESPKEPEQLRKLFIGGLSFETTDESLRSHFEQWGTLTDCVVMRDPNTKRSRGFGFVTYATVEEVDAAMNARPHKVDGRVVEPKRAVSREDSQRPGAHLTVKKIFVGGIKEDTEEHHLRDYFEQYGKIEVIEIMTDRGSGKKRGFAFVTFDDHDSVDKIVIQKYHTVNGHNCEVRKALSKQEMASASSSQRGR,197
192,>4H5XA,nnabp,SNAGEVVDCHLSDMLQQLHSVNASKPSERGLVRQEEAEDPACIPIFWVSKWVDYSDKYGLGYQLCDNSVGVLFNDSTRLILYNDGDSLQYIERDGTESYLTVSSHPNSLMKKITLLKYFRNYMSEHLLKAGANITPREGDELARLPYLRTWFRTRSAIILHLSNGSVQINFFQDHTKLILCPLMAAVTYIDEKRDFRTYRLSLLEEYGCCKELASRLRYARTMVDKLLSSRSASNRLKAS,240
193,>4H3HB,nnabp,MGSSHHHHHHSSGLVPRGSHMPSSPLRVAVVSSSNQNRSMEAHNILSKRGFSVRSFGTGTHVKLPGPAPDKPNVYDFKTTYDQMYNDLLRKDKELYTQNGILHMLDRNKRIKPRPERFQNCKDLFDLILTCEERVYDQVVEDLNSREQETCQPVHVVNVDIQDNHEEATLGAFLICELCQCIQHTEDMENEIDELLQEFEEKSGRTFLHTVCFY,214
194,>2LY4B,nnabp,MEEPQSDPSVEPPLSQETFSDLWKLLPENNVLSPLPSQAMDDLMLSPDDIEQWFTEDPGPDEAPRMPEAAPPVAPAPAAPTPAAPAPAPSWPL,93
195,>4B9KC,nnabp,SMSENLYFQGSMEAGRPRPVLRSVNSREPSQVIFCNRSPRVVLPVWLNFDGEPQPYPTLPPGTGRRIHSYRGHLWLFRDAGTHDGLLVNQTELFVPSLNVDGQPIFANITLPVYTLKERCLQVVRSLVKPENYRRLDIVRSLYEDLEDHPNVQKDLERLTQERIAHQRMGD,171
196,>4B9JA,nnabp,RTEPVSTTISKSFFAPEPQIQPSFGKNVGKEGGLLFSVSLTVPENVSQVTVYPVYDEDYGLGRLVNTADDSQSIIYQIVDDKGRKMLKDHGAEVTPNQQITFRALNYTSGDKEIPPGIYNDQVMVGYYVNDNKQRTEIATKNFPVSTTIS,150
197,>4GWGA,nnabp,SNAQADIALIGLAVMGQNLILNMNDHGFVVCAFNRTVSKVDDFLANEAKGTKVVGAQSLKEMVSKLKKPRRIILLVKAGQAVDDFIEKLVPLLDTGDIIIDGGNSEYRDTTRRCRDLKAKGILFVGSGVSGGEEGARYGPSLMPGGNKEAWPHIKTIFQGIAAKVGTGEPCCDWVGDEGAGHFVKMVHNGIEYGDMQLICEAYHLMKDVLGMAQDEMAQAFEDWNKTELDSFLIEITANILKFQDTDGKHLLPKIRDSAGQKGTGKWTAISALEYGVPVTLIGEAVFARCLSSLKDERIQASKKLKGPQKFQFDGDKKSFLEDIRKALYASKIISYAQGFMLLRQAATEFGWTLNYGGIALMWRGGCIIRSVFLGKIKDAFDRNPELQNLLLDDFFKSAVENCQDSWRRAVSTGVQAGIPMPCFTTALSFYDGYRHEMLPASLIQAQRDYFGAHTYELLAKPGQFIHTNWTGHGGTVSSSSYNA,484
198,>4GWPF,nnabp,MGKSAVIFVERATPATLTELKDALSNSILSVRDPWSIDFRTYRCSIKNLPADVSKLMYSITFHHHGRQTVLIKDNSAMVTTAAAADIPPALVFNGSSTGVPESIDTILSSKLSNIWMQRQLIKGDAGETLILDGLTVRLVNLFSSTGFKGLLIELQADEAGEFETKIAGIEGHLAEIRAKEYKTSSDSLGPDTSNEICDLAYQYVRALEL,210
199,>4GWPG,nnabp,MNVTPLDELQWKSPEWIQVFGLRTENVLDYFAESPFFDKTSNNQVIKMQRQFSQLNDPNAAVNMTQNIMTLPDGKNGNLEEEFAYVDPARRQILFKYPMYMQLEEELMKLDGTEYVLSSVREPDFWVIRKQRRTNNSGVGSAKGPEIIPLQDYYIIGANIYQSPTIFKIVQSRLMSTSYHLNSTLESLYDLIEFQPSQGVHYKVPTDTSTTATAATNGNNAGGGSNKSSVRPTGGANMATVPSTTNVNMTVNTMGTGGQTIDNGTGRTGNGNMGITTEMLDKLMVTSIRSTPNYI,295
200,>4GVWA,nnabp,MEVLFEAKVGDITLKLAQGDITQYPAKAIVNAANKRLEHGGGVAYAIAKACAGDAGLYTEISKKAMREQFGRDYIDHGEVVVTPAMNLEERGIKYVFHTVGPICSGMWSEELKEKLYKAFLGPLEKAEEMGVESIAFPAVSAGIYGCDAEKVVETSLEAVKNFKGSAVKEVAEVHGARKSAEVALKVFERSLEHHHHHH,199
201,>2LXUA,nnabp,SHMGGEGFVVKVRGLPWSCSADEVQRFFSDCKIQNGAQGIRFIYTREGRPSGEAFVELESEDEVKLALKKDRETMGHRYVEVFKSNNVEMDWVLKHTGPNSPDTANDG,108
202,>4GOSA,nnabp,GISGRHSITVTTVASAGNIGEDGILSCTFEPDIKLSDIVIQWLKEGVLGLVHEFKEGKDELSEQDEMFRGRTAVFADQVIVGNASLRLKNVQLTDAGTYKCYIITSKGKGNANLEYKTGHHHHHH,125
203,>4GNVA,nnabp,MAHHHHHHMKTTPGPVMLDVVGTTLSRDDARRLAHPNTGGVILFARHFQNRAQLTALTDSIRAVREDILIAVDHEGGRVQRFRTDGFTVLPAMRRLGELWDRDVLLATKVATAVGYILAAELRACGIDMSFTPVLDLDYGHSKVIGDRAFHRDPRVVTLLAKSLNHGLSLAGMANCGKHFPGHGFAEADSHVALPTDDRTLDAILEQDVAPYDWLGLSLAAVIPAHVIYTQVDKRPAGFSRVWLQDILRGKLGFTGAIFSDDLSMEAAREGGTLTQAADAALAAGCDMVLVCNQPDAAEVVLNGLKARASAESVRRIKRMRARGKALKWDKLIAQPEYLQAQALLSSALA,350
204,>3J21k,nnabp,MAHVAEWKKKEVEELANLIKSYPVVALVDVSSMPAYPLSQMRRLIRENNGLLRVSRNTLIELAIKKVAQELGKPELEKLINYIEGGAGILVTTMNPFKLYKFLQQNRQPAPAKPGAKVPKDVVIPAGPTSLAPGPIVGQMQAMGIPARIERGKVTIQKDTVVLKAGEEITPELANILNALGIQPLEVGLDLLAVYEDGIIYTPDVLAIDESEYINMLQKAYMHAFNLAVNIAYPTPQTIEAIIQKAFLNAKAVAVEAGYITKETISDIIGRAIRAMLLLAQQLPEDVLDEKTKELLSAQAQVSVAQVEEEKKEEKVEEEKEDEEASEEEALAGLSALFG,339
205,>3J21l,nnabp,MKVKVFRVHGYFEKNGRKFKFTKEYRGIKEEDVKELVYSDIGSKHKVKRNKIFIKEIKEIRPEEAEDIVVRRLSLEL,77
206,>3J21P,nnabp,MKRTGPTDPNLRRLIRYLRKKSNEYGVKIWKDVAWRLERPRRQRAEVNVSKINRYANDGEMIVVPGSVLGAGKLEKKVIVAAWKFSETARRKIIEAGGEAITIEELIERNPTGSGVRIME,120
207,>3J21R,nnabp,MVQKAHSFRRKTRKKLSKHPRRRGLPPLTRFLQEFEVGQRVHIVIEPSYHKGMPDPRFHGRTGTVVGKRGEAYIVEIKDGSKVKTLFIHPVHLRPQK,97
208,>3J20A,nnabp,MAAKRATTTRDKWKLKQWYIIYAPDFFGGVEVGLTPADDPEKVLNRVVEVTLKDVTGDFTKSHVKLYFQVYDVKGQNAYTKFKGMKLARSYIRSLVRRKTTRIDGIFNITTKDGYKLRVMAMAIAMRRIQTSQERAIRKIMQEIIYKKAEELNFKDFVLESVNGKIAAEIAKEAKKIYPLRKAEIRKIKVLEEPQVIA,198
209,>3J21a,nnabp,MAIKAGEEVIFTVPIKKIKKIVPRWKRAPRAVKFVREFVARHAKAQEVIIDPKVNEKIWERGIEKPPSKLRVKVKVEEEKREGEETVRIAYVTLA,95
210,>4GIJA,nnabp,MGSDKIHHHHHHSSGENLYFQGHMSELKISPELLQISPEVQDALKNKKPVVALESTIISHGMPFPQNAQTAIEVEETIRKQGAVPATIAIIGGVMKVGLSKEEIELLGREGHNVTKVSRRDLPFVVAAGKNGATTVASTMIIAALAGIKVFATGGIGGVHRGAEHTFDISADLQELANTNVTVVCAGAKSILDLGLTTEYLETFGVPLIGYQTKALPAFFCRTSPFDVSIRLDSASEIARAMVVKWQSGLNGGLVVANPIPEQFAMPEHTINAAIDQAVAEAEAQGVIGKESTPFLLARVAELTGGDSLKSNIQLVFNNAILASEIAKEYQRLAG,335
211,>4GICA,nnabp,SMTEVKIKRLYTGDADFASQLDRLLAWSESEDTDIHQRVTEIIGCIRRDGDAALVELTARFDHFVVDTAAALELPRDVLEAAWQALPAEQAKALREAAERIRAYAERQKLDSWDYREADGTLLGQKITPLDRVGLYVPGGKAAYPSSVLMNAVPAKVAGVPELIMAVPAPRGELNALVLAAAYISGVDRVFRIGGAQAVAALAYGTETVPRVDKIVGPGNIYVATAKKLVFGQVGIDMVAGPSEILVISDGRTDPDWIAMDLFSQAEHDEDAQAILISPDAAHLEAVQASIERLLPGMERAEVIRTSLERRGGMILVDDLEQAAAVANRIAPEHLELSVESPEVLVESIRNAGAIFMGRYTAEALGDYCAGPNHVLPTSGTARFSSPLGVYDFQKRSSLIYCSPDGADQLGRTASLLAWGEGL,423
212,>4GIQA,nnabp,GPLGSPEFPGRRKPEAQPFAHLTINAASIPSGSHKVTLSSWYHDRGWAKISNMTLSNGKLRVNQDGFYYLYANICFRHHETSGSVPTDYLQLMVYVVKTSIKIPSSHNLMKGGSTKNWSGNSEFHFYSINVGGFFKLRAGEEISIQVSNPSLLDPDQDATYFGAFKVQDID,171
213,>4B6AM,nnabp,MSTDSIVKASNWRLVEVGRVVLIKKGQSAGKLAAIVEIIDQKKVLIDGPKAGVPRQAINLGQVVLTPLTFALPRGARTATVSKKWAAAAVCEKWAASSWAKKIAQRERRAALTDFERFQVMVLRKQKRYTVKKALAKA,138
214,>4GGDA,nnabp,GAPSKPGGDRYIPHRSAAQMEVASFLLSKENQPENSQTPTKKEHQKAWALNLNGFDVEEAKILRLSGKPQNAPEGYQNRLKVLYSQKATPGSSRKTCRYIPSLPDRILDAPEIRNDYYLNLVDWSSGNVLAVALDNSVYLWSASSGDILQLLQMEQPGEYISSVAWIKEGNYLAVGTSSAEVQLWDVQQQKRLRNMTSHSARVGSLSWNSYILSSGSRSGHIHHHDVRVAEHHVATLSGHSQEVCGLRWAPDGRHLASGGNDNLVNVWPSAPGEGGWVPLQTFTQHQGAVKAVAWCPWQSNVLATGGGTSDRHIRIWNVCSGACLSAVDAHSQVCSILWSPHYKELISGHGFAQNQLVIWKYPTMAKVAELKGHTSRVLSLTMSPDGATVASAAADETLRLWRCFELDPARRREREKASAAKSSLIHQGIR,431
215,>4GF2A,nnabp,QYTFIQKRTHLFACGIKRKSIKWICRENSEKITVCVPDRKIQLCIANFLNSRLETMEKFKEIFLISVNTEAKLLYNKNEGKDPSIFCNELRNSFSDFRNSFIGDDMDFGGNTDRVKGYINKKFSDYYKEKNVEKLNNIKKEWWEKNKANLWNHMIVNHKGNIAKECAIIPAEEPQINLWIKEWNENFLMEKKRLFLNIKDKCVENKKYEACFGGCRLPCSSYTSFMKKSKTQMEVLTNLYKKKNSGVDKNNFLNDLFKKNNKNDLDDFFKNEKEYDDLCDCRYTATIIKSFLNGPAKNDVDIASQINVNDLRGFGCNYKSNNEKSWNCAGTFTNKFPGTCEPPRRQTLCLGRTYLLHRGHEEDYKEHLLGASIYEAQLLKYKYKEKDENALCSIIQNSYADLADIIKGSDIIKDYYGKKMEENLNKVNKDKKRNEESLKIFREKWWDENKENVWKVMSAVLKNKETCKDYDKFQKIPQFLRWFKEWGDDFCEKRKEKIYSFESFKVECKKKDCDENTCKNKCSEYKKWIDLKKSEYEKQVDKYTKDKNKKMYDNIDEVKNKEANVYLKEKSKECKDVNFDDKIFNEAPNEYEDMCKKCDEIKYLNEIKYPKTKHD,615
216,>4B4TI,nnabp,MGQGVSSGQDKKKKKGSNQKPKYEPPVQSKFGRKKRKGGPATAEKLPNIYPSTRCKLKLLRMERIKDHLLLEEEFVSNSEILKPFEKKQEEEKKQLEEIRGNPLSIGTLEEIIDDDHAIVTSPTMPDYYVSILSFVDKELLEPGCSVLLHHKTMSIVGVLQDDADPMVSVMKMDKSPTESYSDIGGLESQIQEIKESVELPLTHPELYEEMGIKPPKGVILYGAPGTGKTLLAKAVANQTSATFLRIVGSELIQKYLGDGPRLCRQIFKVAGENAPSIVFIDEIDAIGTKRYDSNSGGEREIQRTMLELLNQLDGFDDRGDVKVIMATNKIETLDPALIRPGRIDRKILFENPDLSTKKKILGIHTSKMNLSEDVNLETLVTTKDDLSGADIQAMCTEAGLLALRERRMQVTAEDFKQAKERVMKNKVEENLEGLYL,437
217,>4B4TO,nnabp,MFNNHEIDTILSTLRMEADPSLHPLFEQFEKFYEEKLWFQLSESLTKFFDDAKSTPLRLRLYDNFVSKFYDKINQLSVVKYLLASLKDSKDFDESLKYLDDLKAQFQELDSKKQRNNGSKDHGDGILLIDSEIARTYLLKNDLVKARDLLDDLEKTLDKKDSIPLRITNSFYSTNSQYFKFKNDFNSFYYTSLLYLSTLEPSTSITLAERQQLAYDLSISALLGDKIYNFGELLHHPIMETIVNDSNYDWLFQLLNALTVGDFDKFDSLIKVQISKIPILAQHESFLRQKICLMTLIETVFVKNIRMLSFEDISKATHLPKDNVEHLVMRAISLGLLKGSIDQVNELVTISWVQPRIISGDQITKMKDRLVEWNDQVEKLGKKMEARGQSIWV,393
218,>4GAKA,nnabp,SNAMAFIQTDTFTLRGYECDAFGRMSIPALMNLMQESANRNAIDYGIGIADLAQKGVGWMLMRFCLRIHQYPRYGDTIQLMTYPTTVDKYFIHRDFRVLATDGTLLADARSTWLVFSMEKRSMVPLPDFIRQLSPPANVDPLPALPLKPDFQTASFATAASKSVQVGWLNIDQNQHVNNVAYVQWLLEGVDSEIVQTREIAEIDLVYRTESHWHDWLSVQSVTETDNSVLHRISQTESGKDVLLARSRWR,250
219,>4G9JA,nnabp,GMSDSEKLNLDSIIGRLLEVQGSRPGKNVQLTENEIRGLCLKSREIFLSQPILLELEAPLKICGDIHGQYYDLLRLFEYGGFPPESNYLFLGDYVDRGKQSLETICLLLAYKIKYPENFFLLRGNHECASINRIYGFYDECKRRYNIKLWKTFTDCFNCLPIAAIVDEKIFCCHGGLSPDLQSMEQIRRIMRPTDVPDQGLLCDLLWSDPDKDVQGWGENDRGVSFTFGAEVVAKFLHKHDLDLICRAHQVVEDGYEFFAKRQLVTLFSAPNYCGEFDNAGAMMSVDETLMCSFQILKPADKNKGKYGQFSGLNPGGRPITPPRNSAKAKK,331
220,>4G9QA,nnabp,MHHHHHHSSGVDLGTENLYFQSMMTTSNAGAQQPNVEGRRFSPDQVRSVAPALEQYTQQRLYGDVWQRPGLNRRDRSLVTIAALIARGEAPALTYYADQALENGVKPSEISETITHLAYYSGWGKAMATVGPVSEAFAKRGIGQDQLAAVESTPLPLDEEAEAQRATTVGNQFGSVAPGLVQYTTDYLFRDLWLRPDLAPRDRSLVTIAALISVGQVEQITFHLNKALDNGLSEEQAAEVITHLAFYAGWPNAMSALPVAKAVFEKRRG,269
221,>4G7HC,nnabp,MEIKRFGRIREVIPLPPLTEIQVESYRRALQADVPPEKRENVGIQAAFRETFPIEEEDKGKGGLVLDFLEYRLGEPPFPQDECREKDLTYQAPLYARLQLIHKDTGLIKEDEVFLGHIPLMTEDGSFIINGADRVIVSQIHRSPGVYFTPDPARPGRYIASIIPLPKRGPWIDLEVEPNGVVSMKVNKRKFPLVLLLRVLGYDQETLARELGAYGELVQGLMDESVFAMRPEEALIRLFTLLRPGDPPKRDKAVAYVYGLIADPRRYDLGEAGRYKAEEKLGIRLSGRTLARFEDGEFKDEVFLPTLRYLFALTAGVPGHEVDDIDHLGNRRIRTVGELMTDQFRVGLARLARGVRERMLMGSEDSLTPAKLVNSRPLEAAIREFFSRSQLSQFKDETNPLSSLRHKRRISALGPGGLTRERAGFDVRDVHRTHYGRICPVETPEGANIGLITSLAAYARVDELGFIRTPYRRVVGGVVTDEVVYMTATEEDRYTIAQANTPLEGNRIAAERVVARRKGEPVIVSPEEVEFMDVSPKQVFSVNTNLIPFLEHDDANRALMGSNMQTQAVPLIRAQAPVVMTGLEERVVRDSLAALYAEEDGEVAKVDGNRIVVRYEDGRLVEYPLRRFYRSNQGTALDQRPRVVVGQRVRKGDLLADGPASENGFLALGQNVLVAIMPFDGYNFEDAIVISEELLKRDFYTSIHIERYEIEARDTKLGPERITRDIPHLSEAALRDLDEEGVVRIGAEVKPGDILVGRTSFKGESEPTPEERLLRSIFGEKARDVKDTSLRVPPGEGGIVVRTVRLRRGDPGVELKPGVREVVRVYVAQKRKLQVGDKLANRHGNKGVVAKILPVEDMPHLPDGTPVDVILNPLGVPSRMNLGQILETHLGLAGYFLGQRYISPIFDGAKEPEIKELLAQAFEVYFGKRKGEGFGVDKREVEVLRRAEKLGLVTPGKTPEEQLKELFLQGKVVLYDGRTGEPIEGPIVVGQMFIMKLYHMVEDKMHARSTGPYSLITQQPLGGKAQFGGQRFGEMEVWALEAYGAAHTLQEMLTLKSDDIEGRNAAYEAIIKGEDVPEPSVPESFRVLVKELQALALDVQTLDEKDNPVDIFEGLASKR,1119
222,>4G7LA,nnabp,MERPQLDSMSQDLSEALKEATKEVHIRAENSEFMRNFQKGQVSREGFKLVMASLYHIYTALEEEIERNKQNPVYAPLYFPEELHRRAALEQDMAFWYGPHWQEAIPYTPATQHYVKRLHEVGGTHPELLVAHAYTRYLGDLSGGQVLKKIAQKAMALPSSGEGLAFFTFPSIDNPTKFKQLYRARMNTLEMTPEVKHRVTEEAKTAFLLNIELFEELQALLTEEHKDQSPSQTEFLRQRPASLVQDTTSAETPRGKSQISTSSSQTP,267
223,>4G7XB,nnabp,MGSSHHHHHHSSGLVPRGSHMPNDIFGSLSEESQQNNAARQQFVTSEVGRYGAIYTQLIRQNLLVEDSFRGKQCRVNLKLIPTGTGALLGSLTVLDGDSRLCAATKRAVAQVNSFPLPKDQPDVVEKLKNINLTVAPE,138
224,>4G6XA,nnabp,MHHHHHHSSGVDLGTENLYFQSNAMRIHLTNVFVDDQAKAESFYTGKLGFLVKADVPVGADRWLTVVSPEAPDGTQLLLEPSSHAAVTPFKEALVADGIPAASFAVDDIAAEYERLSALGVRFTQEPTDMGPVVTAILDDTCGNLIQLMQIAYDG,155
225,>4B2XA,nnabp,HHHHHHGSMAMKRKGIILAGGSGTRLHPATLAISKQLLPVYDKPMIYYPLSTLMLAGIREILIISTPQDTPRFQQLLGDGSNWGLDLQYAVQPSPDGLAQAFLIGESFIGNDLSALVLGDNLYYGHDFHELLGSASQRQTGASVFAYHVLDPERYGVVEFDQGGKAISLEEKPLEPKSNYAVTGLYFYDQQVVDIARDLKPSPRGELEITDVNRAYLERGQLSVEIMGRGYAWLDTGTHDSLLEAGQFIATLENRQGLKVACPEEIAYRQKWIDAAQLEKLAAPLAKNGYGQYLKRLLTETVY,303
226,>4G56B,nnabp,MHHHHHHSSGVDLGTENLYFQSNGSSKGSAWGRPVTAPACMEVQIGAVRYRRDGALLLAASSLSSRTWGGSIWVFKDPEGAPNESLCTAGVQTEAGVTDVAWVSEKGILVASDSGAVELWEILEKESLLVNKFAKYEHDDIVKTLSVFSDGTQAVSGGKDFSVKVWDLSQKAVLKSYNAHSSEVNCVAACPGKDTIFLSCGEDGRILLWDTRKPKPATRIDFCASDTIPTSVTWHPEKDDTFACGDETGNVSLVNIKNPDSAQTSAVHSQNITGLAYSYHSSPFLASISEDCTVAVLDADFSEVFRDLSHRDFVTGVAWSPLDHSKFTTVGWDHKVLHHHLPSEGRTENLIATKAED,357
227,>4G59A,nnabp,MLDDAHSLRCNLTIKAPTPADPLWYEAKCLVDEILILHLSNINKTMTSGDPGETANATEVGECLTQPVNDLCQKLRDKVSNTKVDTHKTNGYPHLQVTMIYPQSQGQTPSATWEFNISDSYFFTFYTENMSWRSANDESGVIMNKWNDDGDLVQRLKYFIPECRQKIDEFLKQSKEKPRSTSRSPSITQLTSTSPLPPPSHSTSK,205
228,>4G4SP,nnabp,GPMSCLVLPLVSVGNIPQLSIDWLLNSQANEWEYLEALDSKYLVEFVGPLDRPEDGSDSLYKDADMKYSSALEVFYNKKRGLFAIQQRTPLVSVNYLNNFIVEIILPFLSKYNISEICIWDSLYAMEDENGVIVRPQEVYSLGEFYFDDEAELLSNLHLNDQESMVNNWLHFTPTSFQDKISVDQPIFKILFQILNASQRPKALRSIKYCSCLANEGDNSLDSQQFLQWIISQKVIKNAPPIVKFVRPISWQGAYGMADARDKFVDLYN,269
229,>4B29A,nnabp,MGSSHHHHHHSSGLVPRGSHMASGRAALTHLLEAARDWHEALPEFRAFATWPEDLRWADRPAHALPVIDHLTRDPGHASDQSQPLRDALVAAAPHVEWRHSYTEAEVGRDFLNRFGWFELAGPSGHFLTQSLRVTVGYWGPGLDYGWHEHLPEELYSVVSGRALFHLRNAPDLMLEPGQTRFHPANAPHAMTTLTDPILTLVLWRGAGLGDDPRMSQ,217
230,>4G1EB,nnabp,GPNICTTRGVSSCQQCLAVSPMCAWCSDEALPLGSPRCDLKENLLKDNCAPESIEFPVSEARVLEDRPLSDKGSGDSSQVTQVSPQRIALRLRPDDSKNFSIQVRQVEDYPVDIYYLMDLSYSMKDDLWSIQNLGTKLATQMRKLTSNLRIGFGAFVDKPVSPYMYISPPEALENPCYDMKTTCLPMFGYKHVLTLTDQVTRFNEEVKKQSVSRNRDAPEGGFDAIMQATVCDEKIGWRNDASHLLVFTTDAKTHIALDGRLAGIVQPNDGQCHVGSDNHYSASTTMDYPSLGLMTEKLSQKNINLIFAVTENVVNLYQNYSELIPGTTVGVLSMDSSNVLQLIVDAYGKIRSKVELEVRDLPEELSLSFNATCLNNEVIPGLKSCMGLKIGDTVSFSIEAKVRGCPQEKEKSFTIKPVGFKDSLIVQVTFDCDCACQAQAEPNSHRCNNGNGTFECGVCRCGPGWLGSQCECSEEDYRPSQQDECSPREGQPVCSQRGECLCGQCVCHSSDFGKITGKYCECDDFSCVRYKGEMCSGHGQCSCGDCLCDSDWTGYYCNCTTRTDTCMSSNGLLCSGRGKCECGSCVCIQPGSYGDTCEKCPTCPDACTFKKECVECKKFDRGALHDENTCNRYCRDEIESVKELKDTGKDAVNCTYKNEDDCVVRFQYYEDSSGKSILYVVEEPECPKGPESMENLYFQSGGKNAQCKKKLQALKKKNAQLKWKLQALCTGHHHHHH,738
231,>4FZQA,nnabp,SEFTTKERKVEEALPIKEEIRYDASLPLGKSYLLQEGKAGKKVSVYQDVIVDGKVMATNLLSETVVEGQNRILVKGSLE,79
232,>2LVFA,nnabp,EAEAQEECREQMQRQQMLSHCRMYMRQQMEESTYQTMPRRGMEPHMSECCEQLEGMDESCRCEGLRMMMRMMQQKEMQPRGEQMRRMMRLAENIPSRCNLSPMRCPMGGSIAGF,114
233,>4FY11,nnabp,MNRNGATPTRGRGKRAIPNPPRRRARGKSVERGSTPLQYVTTLGPSRPRMGQGQGWQKLSHEEIILQVNSSTAADTIQTIPIIPRLSVPAGDKPIYSGSAPHLRTIGSAFAIHRWRALSFEWIPSCPTTTPGNLVLRFYPNYSTETPKTLTDLMDSESLVLVPSLSGKTYRPKIETRGNPPELRNIDATAFSALSDEDKGDYSVGRLVVGSSKQAVVIQLGLLRMRYSAEMRGATSISGVSA,242
234,>4B0EA,nnabp,AYTFDSTMLDTNSGESIDVSLFNQGLQLPGNYFVNVFVNGRKVDSGNIDFRLEKHNGKELLWPCLSSLQLTKYGIDIDKYPDLIKSGTEQCVDLLAIPHSDVQFYFNQQKLSLIVPPQALLPRFDGIMPMQLWDDG,136
235,>2LV9A,nnabp,MHHHHHHSSGRENLYFQGSEDGSYGTDVTRCICGFTHDDGYMICCDKCSVWQHIDCMGIDRQHIPDTYLCERCQPRNLDKERAVLLQRRKRENMSDGD,98
236,>2LV4A,nnabp,GPLGSGSKIKLEIYNETDMASASGYTPVPSVSEFQYIETETISNTPSPDLTVMSIDKSVLSPGESATITTIVKDIDGNPVNEVHINKTVARENLKGLWDYGPLKKENVPGKYTQVITYRGHSNERIDISFKYAMSFTKEISIRGRL,146
237,>4FQDA,nnabp,MQDRWREPAPPGEPLLEIHGGNRLSGAVRTSGFKHSLVTTVAAAATASAPVRIENCPDIVETAVLGEIFRAAGAHAHYDGADETFTVDASAWDRAELPADLVGRIHGSLYLLPALVSRNGVARLSASGGCPIGEGPRGRPDEHLLDVMGRFGVTTRLTADGSVDLTAQRLTPCTIDMLDYTRNKALMSGPCYSGAVKTALLMGAVTHGTTTLQHPYLKPDVTDMVTVLRDLGADIEFAGPETWVIHGRGPESLHRPVDVTLIPDLIEVVTWICAGVLLADEPLRITGPGIDRAVHALAPEFDLLDRMGVRVDVGADEVTAHPLTKPLRPVEFTAMSRGVFSDSQPFLALLGAYAEGPTYIREAVWEHRFGFAPELEALGIRTAVDDTVLRVDGPCPPHRPGTDLRATDLRAAAVLLLAALAVPGRTTLRNHHHLARGYRDLVEDLVKLGADIRHTTAPDVRPKPPAGAGVDPAHHHHHH,479
238,>4AZ1A,nnabp,MNDSNCFPFTKLSVQAQYERVQREFSLLLRQEDPRSISFATSLKNRHKNRYLDILANEATLYPQVTDAPGASTPYYINGNLIDLDLPHKFVACQAPVVQGIPDFLAMLYEKKISLVIMVTKLEEGGFVKADRYWPEERGSGSIAVSGNCGLTISEDPGKAYEVEDELKITRRYLILQRADEPPHKFTQVQYTGWPDHGIPQSATSLEALLTNVKNSPTTVPVVVHCSAGIGRTGTLIGAYAALTHLERGTLTDTTVYDVVSAMRRQRFGMVQRMEQYFVIYLTLMCRLGVDIKALVGLLNSR,302
239,>4AYFB,nnabp,ADLTASTTATATLVEPARITLTYKEGAPITIMDNGNIDTELLVGTLTLGGYKTGTTSTSVNFTDAAGDPMYLTFTSQDGNNHQFTTKVIGKDSRDFDISPKVNGENLVGDDVVLATGSQDFFVRSIGSKGGKLAAGKYTDAVTVTVSNQ,149
240,>4AY9B,nnabp,NSCELTNITIAIEKEECRFCISINTTWCAGYCYTRDLVYKDPARPKIQKTCTFKELVYETVRVPGCAHHADSLYTYPVATQCHCGKCDSDSTDCTVRGLGPSYCSFGEMKE,111
241,>4FNHA,nnabp,AHMFMAENRLQLQKGSAEETIERFYNRQGIETIEGFQQMFVTKTLNTEDTDEVKILTIWESEDSFNNYLNSDVFKEAHKNVRLKSDDDGQQSPILSNKVFKYDIGYHYQK,110
242,>4FMWA,nnabp,GPNSDGHDRKRVRRDVVHSTLRLIIDCSFDHLMVLKDIKKLHKQIQRCYAENRRALHPVQFYLTSHGGQLKKNMDENDKGWVNWKDIHIKPEHYSELIKKEDLIYLTSDSPNILKELDESKAYVIGGLVDHNHHKGLTYKQASDYGINHAQLPLGNFVKMNSRKVLAVNHVFEIILEYLETRDWQEAFFTILPQRKG,197
243,>4FMZA,nnabp,GAATLATLPAPINQIFPDADLAEGIRAVLQKASVTDVVTQEELESITKLVVAGEKVASIQGIEYLTNLEYLNLNGNQITDISPLSNLVKLTNLYIGTNKITDISALQNLTNLRELYLNEDNISDISPLANLTKMYSLNLGANHNLSDLSPLSNMTGLNYLTVTESKVKDVTPIANLTDLYSLSLNYNQIEDISPLASLTSLHYFTAYVNQITDITPVANMTRLNSLKIGNNKITDLSPLANLSQLTWLEIGTNQISDINAVKDLTKLKMLNVGSNQISDISVLNNLSQLNSLFLNNNQLGNEDMEVIGGLTNLTTLFLSQNHITDIRPLASLSKMDSADFANQVIKK,347
244,>4FM4B,nnabp,MDGMHDLGGKQGFGPVIKTHNAKAFHEEWEVKMNAISGALVSKGIYNMDEYRHGIERMEPRHYLTASYFERVFTTAVTLCIEKGVFTAAELEAKLGTSVPLSLPSSPGRQPAKGPEGGFKLGQRVHVKNEFVPGHTRFPAYIRGKAGVVVGISPAYPYPDAAAHGEYGFSEPTYDVCFKSKDLWPDGCEAADVHVGVFQSYLLSAE,206
245,>4FLTA,nnabp,MGSSHHHHHHSSGLVPAGSHAGMIIDADYITEDGKPIIRIFKKEKGEFKVEYDRTFRPYIYALLKDDSAIDEVKKITAERHGKIVRITEVEKVQKKFLGRPIEVWKLYLEHPQDVPAIREKIREHPAVVDIFEYDIPFAKRYLIDKGLTPMEGNEELTFLAVDIETLYHEGEEFGKGPIIMISYADEEGAKVITWKSIDLPYVEVVSSEREMIKRLVKVIREKDPDVIITYNGDNFAFPYLLKRAEKLGIKLPLGRDNSEPKMQRMGDSLAVEIKGRIHFDLFPVIRRTINLPTYTLEAVYEAIFGKSKEKVYAHEIAEAWETGKGLERVAKYSMEDAKVTFELGKEFFPMEAQLARLVGQPVWDVSRSSTGNLVEWFLLRKAYERNELAPNKPDEREYERRLRESYEGGYVKEPEKGLWEGIVSLDFRSLYPSIIITHNVSPDTLNRENCKEYDVAPQVGHRFCKDFPGFIPSLLGNLLEERQKIKKRMKESKDPVEKKLLDYRQRAIKILANSYYGYYGYAKARWYCKECAESVTAWGRQYIDLVRRELESRGFKVLYIDTDGLYATIPGAKHEEIKEKALKFVEYINSKLPGLLELEYEGFYARGFFVTKKKYALIDEEGKIVTRGLEIVRRDWSEIAKETQAKVLEAILKHGNVDEAVKIVKEVTEKLSKYEIPPEKLVIYEQITRPLSEYKAIGPHVAVAKRLAAKGVKVKPGMVIGYIVLRGDGPISKRAIAIEEFDPKKHKYDAEYYIENQVLPAVERILRAFGYRKEDLKYQKTKQVGLGAWLKF,793
246,>4FM4A,nnabp,MEMTDNAVMEQRVDALFVLTKELGLVTDQTVPDYEDALMHDWLPQNGAKLVAKAWTDPVFKAQLLSEGVAASESLGFSFPKHHKHFVVLENTPELHNVICCSLCSCTAFTIIGMAPDWYKELEYRARIVRQARTVLKEIGLDLPESIDIRVWDTTADTRYMVLPLRPQGTEDWSEAQLATLITQDCLIGVSRLEAPFAALPAPAVALGA,209
247,>4FL4C,nnabp,MPTITPNKLTLKIGRAEGRPGDTVEIPVNLYGVPQKGIASGDFVVSYDPNVLEIIEIEPGELIVDPNPTKSFDTAVYPDRKMIVFLFAEDSGTGAYAITEDGVFATIVAKVKEGAPEGFSAIEISEFGAFADNDLVEVETDLINGGVLVTNKPVIEGYKVSGYILPDFSFDATVAPLVKAGFKVEIVGTELYAVTDANGYFEITGVPANASGYTLKISRATYLDRVIANVVVTGDTSVSTSQAPIMMWVGDIVKDNSINLLDVAEVIRCFNATKGSANYVEELDINRNGAINMQDIMIVHKHFGATSSDYDAQLEHHHHHH,321
248,>4AXNA,nnabp,MSTNNTINAVAADDAAIMPSIANKKILMGFWHNWAAGASDGYQQGQFANMNLTDIPTEYNVVAVAFMKGQGIPTFKPYNLSDTEFRRQVGVLNSQGRAVLISLGGADAHIELKTGDEDKLKDEIIRLVEVYGFDGLDIDLEQAAIGAANNKTVLPAALKKVKDHYAAQGKNFIISMAPEFPYLRTNGTYLDYINALEGYYDFIAPQYYNQGGDGIWVDELNAWITQNNDAMKEDFLYYLTESLVTGTRGYAKIPAAKFVIGLPSNNDAAATGYVVNKQAVYNAFSRLDAKNLSIKGLMTWSINWDNGKSKAGVAYNWEFKTRYAPLIQ,328
249,>4AXQA,nnabp,GSHMKIYIQPLSVNSHTVEVLANSLPKIFNAEVFVLPASDVSLKCYNASRRQYNSTCILRMLPPIKVTLGVTGKDIYAKGMNFVFGEAELGGARAVLSVFRLTTADSELYRERVVKEAVHEIGHVLGLKHCSNNCVMRFSNSVQDVDRKPVSFCRECASKIRY,163
250,>4FJ6A,nnabp,GADSIYVREQQIPILIDRIDNVLYEMRIPAQKGDVLNEITIQIGDNVDLSDIQAIRLFYSGVEAPSRKGEHFSPVTYISSHIPGNTRKALESYSVRQDEVTAPLSRTVKLTSKQPMLKGINYFWVSIQMKPETSLLAKVATTMPNAQINNKPINITWKGKVDERHVGIGVRQAGDDGSAAFRIPGLVTTNNGTLLGVYDIRYNSSVDLQEKIDIGVSRSTDKGQTWEPMRVAMTFKQTDGLPHGQNGVGDPSILVDEKTNTIWVVAAWTHGMGNERAWWNSMPGMTPDETAQLMLVKSEDDGKTWSEPINITSQVKDPSWYFLLQGPGRGITMQDGTLVFPIQFIDATRVPNAGIMYSKDRGKTWHLHNLARTNTTEAQVAEVEPGVLMLNMRDNRGGSRAVATTKDLGKTWTEHPSSRSALQESVCMASLIKVNAKDNITGKDLLLFSNPNTTKGRNHITIKASLDGGLTWPTEHQVLLDEAEGWGYSCLSMIDKETVGIFYESSVAHMTFQAVKLQDLIHQ,523
251,>4FIPA,nnabp,GAAAAMSICPHIQQVFQNEKSKDGVLKTCNAARYILNHSVPKEKFLNTMKCGTCHEINSGATFMCLQCGFCGCWNHSHFLSHSKQIGHIFGINSNNGLLFCFKCEDYIGNIDLINDAILAKYWDDVCTKTMVPSMERRDGLSGLINMGNTCFMSSILQCLIHNPYFIRHSMSQIHSNNCKVRSPDKCFSCALDKIVHELYGALNTKQASSSSTSTNRQTGFIYLLTCAWKINQNLAGYSQQDAHEFWQFIINQIHQSYVLDLPNAKEVSRANNKQCECIVHTVFEGSLESSIVCPGCQNNSKTTIDPFLDLSLDIKDKKKLYECLDSFHKKEQLKDFNYHCGECNSTQDAIKQLGIHKLPSVLVLQLKRFEHLLNGSNRKLDDFIEFPTYLNMKNYCSTKEKDKHSENGKVPDIIYELIGIVSHKGTVNEGHYIAFCKISGGQWFKFNDSMVSSISQEEVLKEQAYLLFYTIRQVN,476
